88.97021295423943,8.624005093138054,37.272080594630744,18.370324199698207,0,0,0,0
92.43512051520409,6.084835441239136,24.638836908886255,107.7866687600052,0,30.655973183801215,0,0
100.464635659791,47.70169010362973,35.60582204756924,94.60634608051588,58.13465826518414,0,54.46027060488609,0
99.79028614653811,35.430809021127956,27.682054088244925,0,0,0,35.317339060533435,204.38920287089175
109.73911033715154,25.49583075911292,75.56168193545564,35.77822915037633,118.52676786746497,0,80.18822240026046,162.5592992664676
94.98733642680585,34.779339190133015,16.587992952116856,98.13749985418416,45.58805235083483,394.5074868271147,264.18242383667706,100.96020748819491
82.05539021927231,13.976814936175137,63.984550754215036,89.37495352253971,31.792305427592325,172.3267415481684,61.349658867053535,91.66976241206412
87.78957550653774,49.3633322510701,11.064524669964314,195.74048390187704,0,0,273.78510073662727,0
117.07007513223607,50.18627001183755,0,63.19806215647709,56.34060325259644,0,173.30638308802858,177.81983606584444
106.74276544257359,43.913166194767165,42.66539480248204,232.5525449678965,60.402433773621766,554.5048708961724,248.58275337782516,350.47829680914407
91.77202868693351,54.13347497398275,55.208764659296065,72.24754619595208,0,183.67049943814723,361.567425515113,861.6622876780939
132.07042723593185,36.46232168420548,20.820485509713933,55.20506888766989,0,82.17673776572775,101.97556079492786,418.0444508778235
116.57686347109095,60.583877405439885,82.98266104929867,52.111990862416164,0,105.98807846358852,118.33693458488021,925.3079680660804
110.97754349242851,58.51194854240708,52.107804122974514,39.980722155880684,135.79288656338477,0,72.38837467687756,80.60714650977917
153.9186437208738,52.99131028543002,31.215955305905098,9.401757709521998,96.24434753213588,107.42085941765703,265.6067859212434,492.75803377079296
115.99768333280066,60.31760105258801,15.353760456026881,48.70943570747881,44.321197569073405,47.952691646183894,226.4636450653196,1440.4386847416015
111.74176171903818,69.52071742529213,18.609032051360174,239.69172537280954,252.86090438744563,232.60384950195325,14.20425013712291,477.38155107793216
123.51292053106671,80.59713178327979,8.288469008417673,136.63660541394077,0,0,349.9443444129314,948.9028307047427
103.63267777210953,41.48441494667412,0,92.58787427833818,131.26500680373476,118.91921731430136,402.4657941994072,792.8899156141514
118.94924175011747,65.90270441740806,76.48117216674234,287.89520744971423,62.807478875290165,38.47928211737276,515.0348518737011,1522.618913338784
120.99980093705622,67.66773276338233,28.935250863533824,136.72232960706037,131.20219108732363,0,144.6266116408981,365.7215549263251
113.9875731850871,85.72626789535015,21.531672215730815,48.42942887764335,0,84.60660963791814,453.7605876111313,875.8021471553484
119.95148745991548,80.54635720883803,88.64402613496202,122.16007049912,0,140.92717752175406,79.39061543783322,1858.1379375353606
105.44007834749749,81.67167563986126,61.249992290989695,77.97455004576827,74.01737499271026,0,282.98627049170557,916.7182613954622
137.1786154146138,55.88687527199716,49.62327351319746,78.33983406459107,86.46526332323036,203.25573266727997,21.309153204246826,498.01873581964026
135.15428247295375,75.53699539910585,16.38246737647851,24.01203274999735,0,171.6308682588611,0,2473.8584794305793
90.10500515645916,125.11356944431378,0,0,0,558.4465740925094,131.42899355069306,790.2882947765463
123.68087282420618,74.80073772208065,20.099757579750865,101.7498648257879,97.3448882353799,603.6435367600623,22.839720799016746,667.0763538994149
124.66213835092566,108.60956829354537,40.20452983971346,155.59807780108127,30.359655795527363,71.68358946060329,275.0184412995623,371.4006124886474
136.13845391570368,72.4506603753626,61.31734109942368,148.33346327428973,0,0,43.200235011253824,1493.992393157653
141.0993068187249,116.59427173501211,34.3201606726264,127.8052661147878,51.77289823963521,195.11460735890347,30.896773522157588,942.1063991669455
137.97558124088613,119.80908277591064,65.81323428013813,202.9164512090281,186.97322035510888,315.40067315445344,291.3685024111317,425.85770900224105
116.03285360245961,131.26263923366952,39.82275075356882,218.10512904133395,189.55804244039223,306.0771854104212,94.51994385976388,711.0354481432457
92.01122717003979,115.94952360121937,70.70865571057726,156.83386802961593,97.62236523563682,187.59557942109723,474.53693025270036,0
123.27760176583185,105.5340429096746,27.736853978664158,135.80121130726073,86.54732124358198,0,28.81213975920156,239.0072399588101
107.98140870470779,75.6686428869062,41.50598593192477,311.8141945776049,99.5249522046474,278.6307169919622,128.8550704265849,380.93274906617484
103.78235247839821,106.39784579371381,37.435645875929985,161.0711447219637,57.28207660105811,169.66562214047974,178.61667546642997,1649.8912280999177
121.11419768227782,91.27150765587469,49.70113832043039,92.60548121604756,0,0,78.10662988816402,373.4713540597388
125.67058660387897,110.34570031802492,14.994826954711414,112.3043538424381,116.34962367148105,164.87875554210964,197.53990625303305,2928.5447496140123
130.05375089086473,87.44895040517483,0,315.1187047853236,0,0,458.5753834846332,298.9309688868386
89.18270181150535,119.21529209246978,30.723846789487677,131.64569368520444,0,422.7699916880903,293.36729069290357,765.8469079405734
120.74459687358777,133.92370511626143,37.97678303607906,289.1950516318148,67.47584956884975,285.3297153631039,116.41058662292374,1142.7597057761618
153.0686820259512,72.75858089047615,35.01483613044395,69.94752300150782,78.72720566648808,213.1053277055881,299.3064708072221,1376.0901085125192
142.06664660754672,161.03617125682493,16.31815926413504,40.63896406483307,98.22072658037868,0,175.56689438857202,963.6618417415241
90.1863663053029,103.39787132007258,33.41923826941181,190.53396531911142,0,72.20409788807567,209.33187707819002,1673.1662132103663
103.49989435910496,129.82823689976473,0,198.49885418316342,134.43481954803173,0,322.4804784748789,441.5184663278024
93.9424115821791,135.32230175548244,69.49203483775909,181.16569209777523,0,386.41078646756193,272.58230005354704,1337.1522468412877
95.22553585482822,106.69403303161597,27.837801270534328,271.18127130763526,0,0,311.92252522937576,18.80998608924008
98.46791893122632,86.29013738329368,21.836769290826528,133.1403148157694,0,589.9701286423045,195.14230602639603,894.4732206462697
98.48589404374492,128.05911406311287,21.046196228130228,248.42868905678006,325.2435694959107,175.75519323035593,594.9814483740936,1120.3684001316303
108.3803851099464,133.20256982386584,12.458257110791505,296.48165329206836,0,61.20978610047392,331.0863781243806,1903.218612612443
103.84876107690823,133.15492158453495,8.434631098457231,400.6990567904797,281.6808712288466,628.0190328502206,0,1128.3616836494016
133.0015842386121,108.64142064364972,27.549266507175282,88.11478836935521,0,703.8622154943115,232.26095492553202,543.3623887884162
118.35029725979265,164.82271636052496,26.365092299294368,235.95251520528777,0,0,0,928.6712497139864
84.36714477766887,189.90352331692736,53.90648346409181,332.86699261290585,194.87035875022465,87.83954519753625,371.8596001010444,1276.6164749961665
132.8326822512449,154.02077630639843,12.52568924091908,138.3001912043915,39.19428529274134,278.8086895909846,281.3408424726359,1673.6678425818384
110.43284914547561,150.79827441447173,48.944749330860525,281.12960184304114,88.63192712596651,474.77252004934064,148.67269022145737,1128.2154512087031
108.31845375217507,197.92051341313356,46.67027752229627,114.68948449995901,0,62.584702578125494,0,332.7405407403612
105.07030304125466,148.3945164128462,21.796060069626346,270.1144643895416,198.5979823190853,645.0034385998067,417.73310925883595,226.27148489397214
125.9626572523067,135.43569283872466,58.47011045070127,332.08360228027254,0,290.91908981030633,50.45643860588121,357.1388335625933
104.96211291252845,137.0249401470939,42.79379559473697,64.5903842172414,139.1083977462466,374.97676593197616,84.16301392337877,1145.1530699694997
149.13844843808525,145.45773196644294,47.793092410755946,140.01015529095162,0,36.57925376995463,83.8653163755489,591.2006898438033
111.21304436218526,116.43362308671863,48.24969162801427,198.33030379979454,37.02894912167998,420.1607997113298,392.23568694008907,1042.9376594402631
120.78126280284535,154.67069598067232,35.86225191163815,138.00368151919406,0,282.5890404036569,277.5027769399728,484.3596275176389
131.72920557079192,156.02715166468099,46.397622568692995,330.31816001007525,0,708.1484631055216,71.73340995408635,354.6898747400631
134.42587913685392,164.5827240368985,27.434828769401108,323.8197314073327,180.4834524362714,188.27114858836256,161.77176819874,1946.8718342370462
134.44362452474212,164.32967577963862,32.23597659223436,237.39645315474263,0,125.51234846014385,977.2913137698207,1834.215019405852
114.1203256728572,160.704420547477,0,203.01646421477244,112.94339944890174,175.8223716720313,63.10859813051528,617.7467289007596
136.30646872251026,152.68362294208976,36.39731491117499,176.32988625373181,162.37746586872697,85.44693781302348,166.02031305453363,2307.590731677754
146.15880124267753,168.950079938187,37.20025892330642,537.9753886477895,86.03857730851085,269.54998272181126,293.69786241047393,878.2795144242439
149.3814115657409,139.72013912963723,9.619203035016183,275.9910931443837,124.27455651040907,329.23096580087406,231.0021825288049,1211.1388703851815
140.4181909697412,178.30952169799002,11.050509646642976,385.27129089510385,0,992.2979266102166,407.4273355205896,2640.1819838913757
178.4411767315388,210.5783826332312,45.832908049593016,178.57850494428484,254.1698022803406,379.95909080235424,0,165.2394508562094
108.84596610123339,166.20349825553726,41.33375812475342,489.0543757164951,0,374.123903463961,0,733.9349749175378
112.20115859457235,168.14895942555202,33.02281706972816,278.79526161221213,36.36762889696177,365.2159559271264,181.32720124646474,2128.9987457091825
155.88071620873362,170.6040520581221,32.316187083608376,374.53192546060416,0,0,370.0836847786541,557.3179422890872
153.89149610828025,220.95006204978267,34.20245377949824,342.6068060406485,0,458.3801122296104,171.0481621892891,971.4798652886745
134.64566745909397,198.50440311875332,13.647267256936018,270.69686404512487,70.6418265557087,187.02095818664694,416.57651231327867,1112.9601654090882
154.31550905993245,179.5745042276517,19.810072256692116,155.4403006672808,0,474.0109848609964,139.8266507075575,782.4519508595733
145.89995983697756,192.8291731278435,29.162482066324195,348.2901582164618,0,0,28.48847832041446,1056.7298359228469
144.9021692615484,145.58225864473442,65.69330824122977,264.0001039114488,35.80710146069728,81.69904809980594,561.3785180350764,1048.5520266701094
160.5161618549386,200.46876389271674,53.955924754135076,526.04024378902,128.81618049593476,577.8109177857943,396.62453756210977,1383.4642140147766
150.92327525445748,156.84372179137398,109.02057155296691,197.1325243305511,97.64522661054677,158.11566738060412,698.8990669038823,799.0980233706758
139.97110512422523,141.7766093806509,74.81663440184984,226.01946581603409,26.314784765244752,834.7911141007643,323.3660245086815,1292.7864855567036
147.77114063009952,226.67314101833472,20.787030456340105,272.48097337667934,33.11752021922903,332.44032774411903,706.9409908223806,3129.2495928397902
161.61857345940604,206.85643089049418,0,468.6489547576884,41.061255224680856,430.0067790026368,317.14467786933415,946.172548740591
172.63174258347058,214.27788299892603,0,380.40974095417283,10.00972404019991,950.4389064043753,93.28934198238585,120.29964457781531
165.1360399381266,241.28894275154477,21.918637825725273,165.44782317881607,81.10014002038872,182.308525217664,354.6543105303985,2152.215788723851
185.73302331561374,177.10852327808743,62.610534503900936,333.81237203274526,0,190.08403470672272,27.796237825202986,681.9647802861288
170.815156938799,229.37803905173942,107.92396791202889,417.8424949069017,0,0,331.78382302168865,789.5693976414352
143.0589996409036,149.9035578989699,0,294.58152545560216,111.64763651740134,35.09809829512139,240.29337818489506,792.1867512425389
186.80648878906234,171.68187682112037,109.59257490118753,50.7190903682727,0,971.0936719583408,61.838906924559716,544.6232916586995
182.71020859105403,173.65174908847217,37.26222890083499,306.5978065453426,0,376.261063960789,214.24092379496005,603.877340451704
176.32396566627287,199.38181845654657,38.4403026520954,221.60399192185182,113.47830389606871,680.2654842985808,262.5411833715165,0
201.89336231553514,165.7969566714904,47.30743670933098,140.84536486077488,144.7784304807493,531.7422667705284,461.47013897396715,1425.982134235414
157.39152305147064,84.6529084273972,110.96547790203371,199.85721513300336,0,331.7689366194237,461.4697812060429,1810.57157580493
193.02064670260114,203.67891804795624,42.481966703934944,165.28129717535202,0,367.3448015493575,597.8711015920427,2245.0996338927434
173.174840076921,200.03784465435731,11.548101133457365,192.7333886280322,0,210.33655852124122,292.97300817928345,406.5123191531367
175.56146522248713,184.38427137904918,49.24241616377382,298.06618159593137,0,946.1160196045835,85.44318508058564,0
171.04586844349924,215.58409490837002,33.381189756677514,350.26276284173747,0,517.4307029944891,143.90242047519286,1667.6777594475307
147.70396214481158,195.5765359568046,11.146307829974425,155.06796469995922,74.79906043747933,832.5362498162344,0,664.7366578232256
186.78594097719477,168.45359181583976,23.862868941748502,294.29119950266465,32.79991051492873,261.7140545967761,823.4374612192848,1556.634319823259
191.91571955062116,220.05633096282344,44.97866054102549,562.4832062351636,0,0,290.23182898105654,2107.348933645002
216.37535975107804,155.05425368612285,103.77100020747892,336.8794416495639,48.34160960061425,469.5481064804374,329.1295406133722,662.6440349000577
203.32540590662012,169.46207089851538,29.71679528970845,359.5248234664175,95.68115741990846,518.3950546765686,318.2680989234814,995.3831893496612
187.3390213092799,218.9463137603339,21.576589784899838,176.96022397002844,0,737.1378424801094,164.17671536400337,1039.7344529534553
161.26468363961195,165.7008640405601,33.53664238590112,244.08040805241035,35.34437133292875,239.03969147446594,31.965724553471794,1560.3702701379382
200.4224659202957,203.8692775119761,37.559268339291755,262.8656659056202,89.24293196741498,338.5559223966474,32.13750637232404,1314.6912297121282
167.7388426699745,140.05099361502187,123.15156895624823,139.34504104315533,38.829395659884334,639.472503557573,15.521754750012587,93.37264010654326
199.96000809524259,197.5324018377453,0,167.7421216541409,0,45.66057652293747,192.32221509798478,1545.524877966247
221.18784097754525,148.4618066281135,34.06015044137567,229.8218063171102,122.56256920022665,880.0168155942354,233.73825625364236,603.3625440017236
241.26601206361545,147.08815964645225,17.12015498145934,166.61633152399142,0,0,6.9799484200339625,1554.9606464695394
181.9894052871534,193.0673907120044,93.91062979547854,87.96413469817145,0,266.0893676029732,384.3080206024278,3339.9475535876263
193.05146985810373,118.58240092193077,29.539475254340623,174.8254301770702,68.92708884670886,88.79326574730149,0,651.293374931098
156.6564942547143,165.3591609628263,48.52298642860683,89.93881901431718,71.28347275865033,0,342.8184843881788,87.57549631286696
229.205790532656,218.63860355950388,65.40499638912097,224.11560078049894,137.65681472982897,146.3861438571765,0,995.572708129596
214.9450845109935,172.01098504132005,0,240.47777370677176,80.01295746347867,277.23372702425877,151.31951799883825,1128.9134471215332
217.86564280256275,180.9394089842007,49.901691702639006,156.00845181733024,20.570799394814593,479.0915635683033,173.7477353844479,1912.8935537818847
197.19435120618704,170.6144571252205,0,193.91073863563358,0,320.4415338108262,301.341718772425,830.7227558264377
196.47257466488023,158.3098058657623,20.384230481450842,287.96471540549163,0,280.1190531598257,754.1787226096703,1854.090026448153
200.78608032698352,187.72889411619238,17.30936311714659,121.22398786584323,0,769.1734671990074,180.08002474310626,1077.1544963082997
210.22478170312397,170.36061815443372,49.37647018200111,258.41188380832995,55.85798290117528,574.359670062073,88.01614283232283,553.3841887393921
212.17652654931337,179.75919040461278,19.315958145042906,313.23726330595747,238.21695617894525,179.21759188951472,209.14473545355673,971.3425736383754
254.83939013685293,153.54800073339595,86.4198191799178,226.45643366045192,333.37983219248054,245.68148495992284,99.2583999983573,690.4670142192247
162.46106600889502,157.21578522364973,50.846921818280315,436.0806640062492,0,1260.6473119413406,196.75461991777175,0
192.00107156970208,110.31054046782377,51.05743463940264,265.947267607653,67.9937378272452,463.83945164240936,38.97992963525233,732.9102877551344
201.74698428264892,131.6558421798132,38.29293649884875,302.8247198719994,0,195.27477441735735,183.94053815224984,947.1058089173198
207.97676199633614,139.70088810716067,44.247447568384814,283.113784278219,50.67383974374662,532.7707379235081,517.6210400916511,1798.4062763725988
217.37233833632683,160.90575137814866,32.40122511528398,195.48069845794345,115.97053051523753,241.77118998873675,58.760631642529304,81.8988742364827
231.61677024348316,165.6768498728505,86.78344124609086,243.6598049064855,113.99898126697369,0,164.28005138843437,884.1339294302339
251.1624169107227,163.73653390016676,65.29771020307706,23.34897349195624,246.94919443810136,119.37072932499595,99.34213941936297,1010.9132467020156
214.2276017293257,146.60080724429423,103.02584588556185,328.27211070912915,49.874084050372886,486.20411352215075,445.92780237669047,800.923985864069
264.46726236897655,98.74808879455912,93.50504868990052,277.00714616931185,99.57356490568631,479.20155579959584,315.28302895760373,1016.9976435315685
206.8579237739067,161.24804828022744,44.66826925341429,254.3162576865235,0,16.622159640797193,438.8343711136205,2446.0207737781275
211.7012686910842,177.70860665680658,59.12797382307748,151.3991949940687,228.26247229757413,0,346.0403852930789,2279.7761155619946
251.88371235593237,129.93395678078522,24.209868951729582,152.11478681023527,163.8807456500023,0,121.68743892419737,922.596699226955
236.8599486003977,159.96091485334958,58.06666297681512,145.56118539503055,0,811.8194947852803,278.5596864593842,1481.9101091955915
230.41298616432644,196.66137342116903,40.99291606124115,225.42118747733335,240.6936461550861,781.1838715007636,379.94831206309516,1093.2847685513746
197.28917877752852,141.83580162603465,9.221139856633425,173.0904698613875,43.3883754471114,549.8156132791464,284.2987050499669,285.1447511030368
187.28911770340395,162.2756522290953,24.755550667718346,387.3789562368512,67.65910749416533,354.4658008749077,383.6239121875306,1493.2603949891507
180.1281570813339,167.90405541271576,65.9470134077055,259.62422454890117,79.02909700102379,391.27455697890633,28.386983339250154,500.9638730971586
244.9942184389473,146.09267902781923,100.92807907222482,239.11162084766298,146.00686846995046,211.20823225029235,147.61460662472962,1129.4121014153684
226.81264304568018,128.8843089526201,37.95443734075394,108.22294136469108,0,394.4010924990208,345.8654530005375,1326.2074766691321
198.061373199514,163.92932955124354,48.47224857109714,379.690831187738,0,486.3321580090392,524.8341517082264,1739.7167806099076
241.11750343891737,183.7495383728782,46.098583550336144,205.37000245850516,0,283.98876271589904,60.18868972604932,840.4551424816666
197.70041149154653,146.25778085399983,57.72292123498073,23.450403686942167,0,45.60091333194798,93.09269809146312,1546.8793110646452
219.02641566323695,114.98869996928659,47.41554521711985,175.3815836550529,159.84249081454277,439.75854180839536,653.2980675038832,1159.7735347448877
245.4435519375219,116.84025893269461,39.74145176497433,231.4324948738215,18.75331827527413,0,519.0215886645552,1404.966212254437
243.23731435062643,111.77403049258295,55.90967441922952,209.883029179321,0,0,222.8005035627628,1806.7415954374737
202.4380239872097,159.6990228439721,17.946474571975205,268.87227219734797,110.68978840131413,347.9462204427971,19.929789544896533,374.01218705956853
243.2039797221901,95.44489481451888,67.52542041150143,171.3501834986307,106.0697599757189,697.1003502242511,539.9710291407353,1252.4158922350807
207.3309215677476,141.09061016662824,44.564648412342244,105.91538265161965,0,78.52082905736832,62.083461900544116,606.552451756894
211.1260071748628,161.08758105997066,58.93255945025279,95.02382801387068,0,141.23583046668887,127.49444743438494,944.5081524594809
244.55618490232837,107.1740788067525,39.133235034347464,192.86970253521326,0,127.09291133513585,41.275971409474465,2413.4532812875586
197.9511228866758,180.70038867678406,50.4610174711669,202.4419775740966,102.86280661422565,202.17112242325345,223.81348986851074,792.8806385833423
194.5782075600967,111.091432525093,30.79381504941757,193.7150884316693,97.47869161693782,0,0,825.0259868341273
231.1245745383941,142.41510260559227,11.976700145966905,116.53113957157586,0,196.90732776752378,514.8255013313404,1362.6543693102126
180.9797520711872,113.50894470670809,24.02685870695326,189.83069973023822,139.04411309481952,136.41120392479982,481.8647080536156,1343.4785713516899
251.51395375639294,186.9922978418929,104.54203231402732,225.31787577858475,56.983685554015324,117.84342694432371,81.52634447617226,921.7267598348253
239.9275440827747,193.06415663743783,118.46925144482348,226.7556688679257,25.453768392029403,304.8345289889902,0,1167.131763563143
232.43730802123716,117.35053393022368,23.90964346708712,89.59474994723179,253.4804357372085,660.5928603775212,167.72017186433618,1150.31712907651
247.8777127888902,153.79428094212807,31.232194840178046,203.91928407831128,0,20.117620764695058,633.5368636107111,856.4406742147426
248.72813725920466,147.42729341267673,17.514390865611475,265.6362397543036,190.46980758391527,215.4310869615493,37.10218674244496,285.1315900726976
203.82343008989383,148.28350665769796,25.98597129640367,357.09344853661446,56.7884463752671,270.90501498915285,252.67635102131442,1494.3268953388852
234.44398761520978,168.2096638023701,41.196274149965056,159.61250671049925,0,801.134538199807,153.27687370300018,1409.968667161698
212.29439043283537,110.77956129693384,22.951710342975154,320.9769896440965,0,479.3258995891571,322.3716473943207,369.44246729911185
218.55264880876234,144.34668273326895,66.53982719411574,74.92139986993263,0,198.2290345237481,548.1521070098131,1513.1042511451592
257.56638189164187,109.45242017427569,87.80352155652777,212.01023055429098,59.0575017597418,222.80474730685296,74.56529903969157,123.76240040739143
220.82535435135367,169.2690500952579,15.290351317970789,271.1201665502011,69.16601887992566,251.6256791579129,188.53996281298046,958.5567438042794
194.1954919091578,114.49293698044545,13.91772309914095,48.070382750235616,79.03437782103677,142.55823023937805,0,671.0752764659036
177.75775639198693,139.83050207118123,0,184.51425197638406,160.47364309157413,804.4326255125715,455.5210651456456,862.9616178811465
209.34876221445262,129.97083861252045,20.143418174386248,315.44115633382285,25.615739930034806,221.1173895408472,518.038868423671,667.5949226901062
239.4103935487481,178.66912881000326,0,72.21496024555137,71.32064946937346,28.293472539253713,277.7600801750525,86.4357099212121
202.6835113645405,146.57344448324113,82.13587239938005,182.77136156266292,0,75.25207435676907,324.79133269474545,141.50365601920925
161.83622108895423,166.93327640445764,25.693487506256385,264.0778266849309,34.98249226748618,391.38816008189104,212.43011279393374,1119.2849495604814
243.79292556681935,152.4816002706398,50.837310391711746,186.90007952628903,131.17233382714915,189.03692122533022,277.18091185272465,1237.4034319675325
214.64243044450743,162.29108787683612,7.8585994589594295,100.68310609423915,105.34663361567281,361.0630877082766,0,330.21827407856966
202.08383161834305,135.97748486074852,57.95850369401377,178.68828164124236,0,104.02417654123784,303.6947031554469,1051.0763568072264
233.77856535245016,150.6318577650311,37.19940118946812,337.99244223579797,0,211.8820976872596,260.11103969041875,437.98965308541347
254.4086768724915,87.60064932366232,0,197.08074357681508,152.76602173790707,238.38795728003515,24.133880464059647,1009.6570944347466
232.91536807880374,113.41226863930237,37.2146132014127,184.6559297717915,55.26887427250267,0,44.155502651531464,2147.766257249094
225.5464037134227,129.42662172174403,67.60636545322956,144.75561522262953,204.04451128591106,60.66240040779346,0,640.1639704057607
218.38317130479143,183.90150286959746,48.00034304794396,220.86926384087326,128.43669126816968,0,530.4098500866988,2422.890037504321
225.26300585517836,146.83570571712983,40.24271674034322,117.16526859644418,12.956459944781669,667.5573020000186,115.96649245651433,1095.099919005822
201.4457248254459,171.65012454152034,48.60168328612564,273.2343187059782,10.814845474000748,540.8936454993952,310.0669693186182,2639.8202908977546
208.29038034069117,119.2265591331489,74.04036050001756,183.78070865846675,113.79135158016518,276.9602115229766,673.518525225619,1468.186139232832
188.03831619851496,120.29333709012035,44.22495406176834,134.30581223485515,58.94473830134468,597.1415314093189,252.50660368835236,1174.7800733037286
249.7775556137397,210.80414645616523,16.223391369403107,169.00974721329044,74.173501230476,473.9398477830502,802.7881117078173,2124.9876439877025
233.89941838043796,106.52134143408969,52.212310483440476,484.4882054140729,0,212.21418722675014,369.5421397123829,971.9238500213588
258.5685554706513,145.31844854746134,0,246.3927579240273,72.29873289935514,0,232.8190415790798,50.16570894731512
220.6934737474658,154.32669382227877,15.548054730175568,162.6901434724908,18.104711695264662,316.9152476754666,122.23735656235594,1348.7174084589326
217.04770437169577,100.27069258631695,33.52715580428169,153.6585906840492,48.03892362854142,592.5572118257913,76.38167484474113,862.554570673073
231.65503633196954,123.24870723468969,18.71228412759881,109.82361852521993,78.22213850499872,0,0,1236.3679530667343
215.9133339949177,102.3261697945401,0,216.10930513293425,92.1186388980154,268.3793570695533,553.8357214538307,2339.3687023493753
211.52114997851916,180.41845608876088,69.29614584671825,220.7798122441918,56.05441145697925,0,318.37112924395194,590.1413357034698
223.5289574697277,171.54151453639332,21.047870771522845,207.8165768112065,188.12976265424902,262.2875341579337,367.336217685944,666.3880960154397
188.84214751780982,164.44979126417843,0,200.95968234371315,0,824.1348136403745,204.45143137715922,1291.2236046200392
228.35584363932543,150.50941573811684,73.08053250715801,268.05624436162054,0,0,227.49457307712348,1160.8374666917473
194.17107064223606,146.72645961906207,19.492225859229748,253.24635341563513,39.44437184029177,52.08874925821351,392.87424583183963,1253.0019608818454
233.74431046930303,123.95294408807507,0,212.1075915745392,0,481.83591716119946,182.09160115860539,2933.6157634235096
219.34111376205442,175.45512662687196,47.638022632658654,483.7463368869661,132.16071837877845,0,0,365.0966129167882
197.78303249980243,131.1968910839056,34.6264915280054,203.51238937444583,150.09646781913466,285.46500826393503,344.05495596093283,756.870793589526
226.0968618406122,171.33843389770033,34.14306733316408,48.44603356447081,176.6608872477999,0,457.3703477415295,1880.9252209139418
177.792286970543,182.19951214789947,53.40841686408483,46.77807361660449,28.9459957470471,323.12893116833203,201.1016955516106,1059.5598897345922
203.45451162684068,91.96150120364696,47.40646265029476,227.47946361556885,223.43808986012715,339.5921253382943,0,1647.318824536532
214.36297277114141,143.74258653324225,22.212003866527215,182.89652816832483,0,862.1561115995493,12.5429638789644,684.3983221656065
220.15720449361032,135.65767125936145,7.880044060166028,227.2877182108233,69.54340220957158,140.0329038319029,267.8662646195804,1435.0464935105397
230.13694389956484,73.53183998060088,51.74256412143335,151.5424385837199,57.61256714699317,65.22533014195533,81.13338334328492,406.3094354467195
240.18675907659286,157.56238117528278,50.575305514692516,144.70185103107374,26.232133398040872,110.9370806016976,0,807.6167779713239
192.14676388847823,98.86344329636924,30.02088216207092,284.2200193412223,154.5159059209546,78.99189518410395,78.71444689185654,736.8391096720899
219.45475967133854,91.4192926945066,46.97039228541731,222.11154687735763,65.22597349853658,0,284.27345464241785,1572.4921940265513
202.10333368087205,171.39705530647345,20.062113822262507,130.53114146732113,37.62014899036472,0,198.0155288035363,201.81685866700457
212.70627885726933,115.2427361994833,13.422520145076902,262.30892632969284,42.99682199541746,356.90172170101096,287.7233030423809,1710.4041441263362
274.0879859712392,142.31765901831932,49.438261830809104,337.47701325646665,41.400094802540316,666.2584513460217,225.3307178501581,872.1557689672622
218.89503164975508,128.52243692780826,28.859011752404303,122.14825482878533,192.4528216813212,267.3838204528455,296.6484550445685,609.1444151588335
233.46507072490215,150.78505159008773,0,407.92031796453244,64.39730198738556,0,164.26157935079522,461.71696645197153
219.56835314070747,133.87908155306414,37.78874076294117,135.31746302602798,50.143521374931865,393.97088469995515,0,1600.615362732374
203.82264271330885,151.08471881833458,28.331135074664918,58.27027076204122,25.746156063002417,709.4560713769583,543.9607695067083,1010.6135614283476
193.26794757125649,149.92919613514755,61.55195745295588,38.0697865190581,74.72266356849319,482.19423161748114,76.3888837912564,1652.1533152950683
243.870220954446,109.59929321797162,0,303.71207854810143,89.18574600017467,523.8405384309706,148.55695948878528,747.2107790047401
212.32027166636328,167.21399484059611,0,158.7419559617757,0,567.884772289804,51.58973925810807,656.4310669642555
186.549534448842,119.14289450323439,46.11958805942594,259.99692180424364,30.13156593167316,204.47628856337434,265.897980485438,781.7486622255135
209.2694294972951,174.85783735587984,119.83096177990453,200.55106865410522,188.5232719795637,129.25732937047388,180.3758902166822,980.732940309669
213.34442040859372,149.22465067107711,32.37783472918832,106.05326308515062,0,0,418.6308158172938,866.0607687536607
194.09344147508384,108.25208569686207,20.246642926784155,257.1676227276136,172.74331006519998,0,282.9869420463865,1601.0230748405143
235.11158669296844,157.576605220566,40.70446095232512,171.28423510864695,145.6300646861182,189.14390404011883,0,1211.7606535355999
238.00905726022836,152.48291038687844,57.554272131318385,205.2071747139184,0,0,84.1421822558865,78.89779001891146
207.59119396666398,138.9469241294929,93.08312667647314,75.69231394635051,27.704373567938244,0,313.58067519152064,987.1342730374488
260.2741155542884,132.80735442728158,40.03050409825468,260.61935158389366,31.74085926948773,451.3642276051062,310.34460896024706,677.5214989689141
200.9744743782028,125.41097819324135,32.00237865896005,287.73312966438624,0,253.07718750958176,319.525339563638,1440.6894864804985
207.621087975323,149.6563297352033,98.59107762363746,198.10093034840267,71.86386136123842,0,420.96438776942284,1165.5512536622127
206.5906392768286,113.77845984360322,0,252.95642285086285,0,927.8876513788574,0,1080.9725291228642
170.38966741066102,198.40455794936943,67.30631251714283,263.7655907721682,0,0,23.464704586647645,376.80050404473695
246.73710436889692,108.11275037490229,65.79436517989336,239.3619063260968,138.0934985550045,0,444.5504769131255,1488.7811978398408
215.89590970296248,150.5771726240054,24.947084282916936,327.2268087042579,91.96718733795991,631.1689461639055,201.25712309032411,674.2041844865189
265.9721775579442,138.16408289358168,0,271.5869848667283,0,536.1070733505424,205.59981936308418,1261.3291310155419
228.01812531628752,205.68997721965607,34.59246839876444,380.3100196556598,48.1274778714813,557.4453729727684,904.9945886843777,1490.0090460367308
226.81919534061566,184.1552911604484,24.81942590854839,217.8668511029069,68.52473631707322,626.9671673384482,411.69320837486515,564.8977762601827
209.7678737544389,149.7069686979731,15.430561089839824,285.3197577197683,87.9466479419835,612.4821410560326,515.5255088749916,1457.7234738750012
226.38350745513299,104.24559964281679,56.652217596428045,231.02401859522706,125.82191122023254,562.5744042585377,356.226730912514,1759.1293610532587
195.63464955507933,106.09269855088027,8.088797134377197,268.0019290753594,0,447.39210764492543,154.21168649920435,1264.9917661419292
229.68410910547578,134.2585749495206,76.14412725171681,265.8872356845719,0,217.2515244225491,86.60082332474113,1123.2289541199066
235.65434260781657,134.18791140195964,40.336298174789995,151.23314575864737,78.50431603292927,0,189.44016886508197,1167.5812282615377
245.0421670619762,140.25248652908738,72.62239038125455,81.00319801020126,19.489040161913415,553.9770348292247,611.4435478691037,886.516820099393
203.00224775788584,136.96029008659548,32.14986636862304,214.47244301760225,0,0,224.39491417017624,1286.1794604526578
264.29766029246707,124.27927694833681,62.9064155840288,373.0090661236136,0,548.3796121757001,0,644.7841149291867
250.3630285946177,118.93428518862748,57.35063679407873,142.4240087401717,164.01953942593607,128.8099147550684,254.5868338813118,2525.145164613644
195.41987444533788,128.60197403445403,12.984155528824918,54.07161754097299,14.213519681435997,0,169.75480003987,104.4655280408221
220.05011448778163,130.2229559762361,49.42970334206295,281.37945140174554,0,190.05092750490303,413.74856998312,338.98318724780154
183.1977983214649,177.99313136587185,59.13587947494088,89.44509241926514,14.933871895725291,0,159.27945197579444,1835.9864491435478
206.99496138672836,114.34612801888221,39.08960266588208,329.564877234193,14.48857525446732,0,338.1242117331569,1373.581792864411
209.29168020008586,106.42566891670184,44.27937257598123,140.8301098199891,135.35042377173679,25.736470467630586,81.61083813304906,220.76807163566409
226.36190058433232,160.7519959884948,41.01489574829518,280.64298614726874,54.4277870804527,140.18983793290124,355.0583865201844,2399.4527665124474
202.07095013530616,154.0701599475002,31.957108710737767,388.59364788009447,140.6319911020366,366.35218711954445,311.0759148111965,1271.3271160407596
187.0483614859792,173.6037318630216,56.79353692797147,89.49166555799809,320.80344221585574,892.9184723723132,199.61473515277632,1110.60731488652
207.40448179653168,119.48196177891901,59.63622285047576,299.2636913844445,0,199.5209703529202,201.60555351440706,1556.0248022448009
230.0085177070327,154.83511706386892,72.4425261341821,192.06987103274366,0,380.91396018102193,232.8171941010168,945.8853293638426
268.3723030632397,140.66974449531693,61.39099344291738,323.42257614786786,104.57982147993303,0,129.8151357697119,1971.6162207735533
170.35711023371994,134.00765657115915,30.952938097467197,221.0110073923384,149.6055444764592,0,274.98182231882674,1945.703939669973
236.25258241785028,135.87675808648862,38.600545951710934,226.22874362198985,0,62.449034964457184,9.130197952580339,999.0301763929459
225.68902412083503,163.01651070651448,59.62029224109621,30.008422472497607,151.95459579148002,199.17402480187096,522.5522255620342,796.0597094805835
197.1140670843246,100.80844096695799,44.88192873368831,334.29042921143395,145.48916584732868,536.0535406751198,192.34083568125595,878.5554003363475
215.49384152088476,171.628462307128,28.10079360787129,451.9788436954106,78.15940174224465,413.54832110678416,0,1407.527675316047
244.5913813830376,161.1101659289862,67.25911889137271,150.62838084062633,0,195.12612870334198,46.33790877068884,978.5967959858117
