1.000000000000000000e+00,0.000000000000000000e+00,9.248730652605253511e+01,0.000000000000000000e+00,0.000000000000000000e+00,0.000000000000000000e+00,2.780555555555555358e+01,-6.468175097049697797e+01,2.780555555555555713e+01,8.506784344441946644e+00,2.780555555555555358e+01,6.468175097049697797e+01,0.000000000000000000e+00,0.000000000000000000e+00,4.600000000000000000e+01,2.535671265057411361e+01,0.000000000000000000e+00,0.000000000000000000e+00
1.000000000000000000e+00,2.780555555555555358e+01,9.248730652605254932e+01,0.000000000000000000e+00,0.000000000000000000e+00,0.000000000000000000e+00,8.847222222222222854e+01,-3.182063985938587436e+01,6.066666666666667140e+01,1.882064838108587423e+01,6.066666666666667140e+01,3.182063985938587081e+01,0.000000000000000000e+00,0.000000000000000000e+00,4.600000000000000000e+01,2.535671265057411361e+01,0.000000000000000000e+00,0.000000000000000000e+00
1.000000000000000000e+00,8.847222222222222854e+01,9.248730652605254932e+01,0.000000000000000000e+00,0.000000000000000000e+00,0.000000000000000000e+00,1.491388888888889142e+02,-3.182063985938586370e+01,6.066666666666668561e+01,1.882064838108587423e+01,6.066666666666667140e+01,3.182063985938587081e+01,0.000000000000000000e+00,0.000000000000000000e+00,4.600000000000000000e+01,2.535671265057411361e+01,0.000000000000000000e+00,0.000000000000000000e+00
1.000000000000000000e+00,1.491388888888889142e+02,9.248730652605254932e+01,0.000000000000000000e+00,0.000000000000000000e+00,0.000000000000000000e+00,2.224444444444444571e+02,-1.918175097049700639e+01,7.330555555555554292e+01,2.241629668125981922e+01,7.330555555555555713e+01,1.918175097049698508e+01,0.000000000000000000e+00,0.000000000000000000e+00,4.600000000000000000e+01,2.535671265057411361e+01,0.000000000000000000e+00,0.000000000000000000e+00
1.000000000000000000e+00,2.224444444444444571e+02,9.248730652605254932e+01,0.000000000000000000e+00,0.000000000000000000e+00,0.000000000000000000e+00,2.957500000000000000e+02,-1.918175097049700639e+01,7.330555555555554292e+01,2.241629668125981922e+01,7.330555555555555713e+01,1.918175097049698508e+01,0.000000000000000000e+00,0.000000000000000000e+00,4.600000000000000000e+01,2.535671265057411361e+01,0.000000000000000000e+00,0.000000000000000000e+00
1.000000000000000000e+00,2.957500000000000000e+02,9.248730652605254932e+01,0.000000000000000000e+00,0.000000000000000000e+00,0.000000000000000000e+00,3.690555555555555429e+02,-1.918175097049697797e+01,7.330555555555557135e+01,2.241629668125981922e+01,7.330555555555555713e+01,1.918175097049698508e+01,0.000000000000000000e+00,0.000000000000000000e+00,4.600000000000000000e+01,2.535671265057411361e+01,0.000000000000000000e+00,0.000000000000000000e+00
1.000000000000000000e+00,3.690555555555555429e+02,9.248730652605254932e+01,0.000000000000000000e+00,0.000000000000000000e+00,0.000000000000000000e+00,4.423611111111110858e+02,-1.918175097049697797e+01,7.330555555555557135e+01,2.241629668125981922e+01,7.330555555555555713e+01,1.918175097049698508e+01,0.000000000000000000e+00,0.000000000000000000e+00,4.600000000000000000e+01,2.535671265057411361e+01,0.000000000000000000e+00,0.000000000000000000e+00
1.000000000000000000e+00,4.423611111111110858e+02,9.248730652605254932e+01,0.000000000000000000e+00,0.000000000000000000e+00,0.000000000000000000e+00,5.156666666666666288e+02,-1.918175097049697797e+01,7.330555555555557135e+01,2.241629668125981922e+01,7.330555555555555713e+01,1.918175097049698508e+01,0.000000000000000000e+00,0.000000000000000000e+00,4.600000000000000000e+01,2.535671265057411361e+01,0.000000000000000000e+00,0.000000000000000000e+00
1.000000000000000000e+00,5.156666666666666288e+02,9.248730652605254932e+01,4.594517549573045017e+02,0.000000000000000000e+00,2.068377189173525608e+02,7.583333333333325754e+01,1.339688340152711135e+02,2.264561405413236628e+02,2.241629668125981922e+01,7.330555555555555713e+01,1.918175097049698508e+01,0.000000000000000000e+00,0.000000000000000000e+00,4.600000000000000000e+01,2.535671265057411361e+01,0.000000000000000000e+00,0.000000000000000000e+00
1.000000000000000000e+00,2.826710522506858183e+02,9.248730652605254932e+01,3.039097163529414729e+02,0.000000000000000000e+00,4.231241348724893214e+00,1.516666666666665719e+02,8.464926559159454200e+01,1.771365721176470913e+02,2.252206183491704650e+01,7.583333333333334281e+01,1.665397319271921361e+01,0.000000000000000000e+00,0.000000000000000000e+00,4.600000000000000000e+01,2.535671265057411361e+01,0.000000000000000000e+00,0.000000000000000000e+00
1.000000000000000000e+00,1.558979080153914651e+02,9.248730652605254932e+01,4.262415141891471748e+00,0.000000000000000000e+00,1.389631254130578419e+00,2.274999999999998863e+02,-1.523316814542206998e+01,7.725413838063047933e+01,2.252206183491704650e+01,7.583333333333334281e+01,1.665397319271921361e+01,0.000000000000000000e+00,0.000000000000000000e+00,4.600000000000000000e+01,2.535671265057411361e+01,0.000000000000000000e+00,0.000000000000000000e+00
1.000000000000000000e+00,2.288896312541304781e+02,9.248730652605254932e+01,1.684386919776185820e+00,0.000000000000000000e+00,2.667066409464544652e-01,3.033333333333332575e+02,-1.609251088612717240e+01,7.639479563992537692e+01,2.252206183491704650e+01,7.583333333333334281e+01,1.665397319271921361e+01,0.000000000000000000e+00,0.000000000000000000e+00,4.600000000000000000e+01,2.535671265057411361e+01,0.000000000000000000e+00,0.000000000000000000e+00
1.000000000000000000e+00,3.036000399742796958e+02,9.248730652605254932e+01,1.316939992251198817e+02,0.000000000000000000e+00,3.885959604642208376e+01,2.527777777777776862e+02,2.724402654898739229e+01,1.197313330750399416e+02,2.252206183491704650e+01,7.583333333333334281e+01,1.665397319271921361e+01,0.000000000000000000e+00,0.000000000000000000e+00,4.600000000000000000e+01,2.535671265057411361e+01,0.000000000000000000e+00,0.000000000000000000e+00
1.000000000000000000e+00,2.916373738241997557e+02,9.248730652605253511e+01,4.716825098981588837e+01,0.000000000000000000e+00,7.414095386544826027e+00,3.235555555555554861e+02,-5.986778418336086816e+00,8.650052810771644829e+01,2.082092850774099091e+01,7.077777777777777146e+01,2.170952874827476364e+01,0.000000000000000000e+00,0.000000000000000000e+00,4.600000000000000000e+01,2.535671265057411361e+01,0.000000000000000000e+00,0.000000000000000000e+00
1.000000000000000000e+00,3.309696509421003157e+02,9.248730652605253511e+01,5.471278462742645843e+02,0.000000000000000000e+00,2.182886453703508778e+01,1.516666666666661989e+01,1.606664200098134643e+02,2.531537265358659852e+02,2.082092850774099091e+01,7.077777777777777146e+01,2.170952874827476364e+01,0.000000000000000000e+00,0.000000000000000000e+00,4.600000000000000000e+01,2.535671265057411361e+01,0.000000000000000000e+00,0.000000000000000000e+00
1.000000000000000000e+00,3.699553120370170944e+01,9.248730652605254932e+01,2.975885028876123073e+01,0.000000000000000000e+00,1.989631011194266108e+00,9.099999999999994316e+01,-6.734356429798815213e+00,8.575295009625372700e+01,2.216462110537324293e+01,7.583333333333334281e+01,1.665397319271921361e+01,0.000000000000000000e+00,0.000000000000000000e+00,4.600000000000000000e+01,2.535671265057411361e+01,0.000000000000000000e+00,0.000000000000000000e+00
1.000000000000000000e+00,9.298963101119420571e+01,9.248730652605254932e+01,2.687500341584260433e+00,0.000000000000000000e+00,1.979641168047592270e-01,1.668333333333332575e+02,-1.575813974552445984e+01,7.672916678052808948e+01,2.216462110537324293e+01,7.583333333333334281e+01,1.665397319271921361e+01,0.000000000000000000e+00,0.000000000000000000e+00,4.600000000000000000e+01,2.535671265057411361e+01,0.000000000000000000e+00,0.000000000000000000e+00
1.000000000000000000e+00,1.670312974501380268e+02,1.114873065260525493e+02,2.762343388305456560e-01,0.000000000000000000e+00,1.380789091772879895e-02,2.426666666666665719e+02,-3.556189507977575204e+01,7.592541144627679728e+01,2.216462110537324293e+01,7.583333333333334281e+01,3.565397319271921361e+01,0.000000000000000000e+00,0.000000000000000000e+00,6.500000000000000000e+01,4.648730652605253511e+01,1.270228526682238055e+02,0.000000000000000000e+00
1.000000000000000000e+00,2.426804745575842901e+02,1.627123804585058622e+02,1.804679999153677508e-02,0.000000000000000000e+00,1.776690923370948319e-03,3.993888888888887436e+02,-5.984142636286549077e+00,1.567282378222193131e+02,4.607824386643014236e+01,1.567222222222222285e+02,5.990158236283628312e+00,0.000000000000000000e+00,0.000000000000000000e+00,6.500000000000000000e+01,9.771238045850586218e+01,4.108172249517503261e+00,0.000000000000000000e+00
1.000000000000000000e+00,3.993906655798120937e+02,1.637009841763716338e+02,4.269542509097735206e+01,0.000000000000000000e+00,2.462149329693847477e+01,5.030277777777776009e+02,7.253046409509693149e+00,1.709540305858813269e+02,4.607824386643014236e+01,1.567222222222222285e+02,6.978761954149415914e+00,0.000000000000000000e+00,0.000000000000000000e+00,6.500000000000000000e+01,9.870098417637164800e+01,1.273950957243387094e+01,0.000000000000000000e+00
1.000000000000000000e+00,5.276492710747161254e+02,1.681854571379183767e+02,3.401224080064449851e+01,0.000000000000000000e+00,1.946666096508810284e+00,6.521666666666665151e+02,-7.709154648814774191e+00,1.604763024891036025e+02,4.418372889343225296e+01,1.491388888888888857e+02,1.904656824902950163e+01,0.000000000000000000e+00,0.000000000000000000e+00,6.500000000000000000e+01,1.031854571379184051e+02,4.425395447985374986e+00,0.000000000000000000e+00
1.000000000000000000e+00,6.541133327631753218e+02,1.692647876195414653e+02,3.070307354580069159e+02,0.000000000000000000e+00,1.511483980133930629e+02,4.600555555555554292e+02,9.485656864423856405e+01,2.641213562637800578e+02,4.776168576532513299e+01,1.617777777777777715e+02,7.487009841763706319e+00,0.000000000000000000e+00,0.000000000000000000e+00,6.500000000000000000e+01,1.042647876195414938e+02,1.784210269425308582e+00,0.000000000000000000e+00
1.000000000000000000e+00,6.112039535689484637e+02,1.692647876195414653e+02,2.087165064755071171e+02,0.000000000000000000e+00,1.200406036305497537e+01,6.243611111111110858e+02,6.461293676118327767e+01,2.338777243807247430e+02,4.877447820171412474e+01,1.643055555555555429e+02,4.959232063985921535e+00,0.000000000000000000e+00,0.000000000000000000e+00,6.500000000000000000e+01,1.042647876195414938e+02,1.784210269425308582e+00,0.000000000000000000e+00
1.000000000000000000e+00,6.363651714741661181e+02,1.692647876195414653e+02,7.921798541647341381e+02,0.000000000000000000e+00,1.284674909198989781e+02,1.440833333333333144e+02,2.591007193242587618e+02,4.283655069438002556e+02,4.877447820171412474e+01,1.643055555555555429e+02,4.959232063985921535e+00,0.000000000000000000e+00,0.000000000000000000e+00,6.500000000000000000e+01,1.042647876195414938e+02,2.034177418069166521e+01,0.000000000000000000e+00
1.000000000000000000e+00,2.725508242532322924e+02,1.767957434602680564e+02,1.417446177970589929e+02,0.000000000000000000e+00,3.397107905519297333e+01,3.008055555555555429e+02,2.717468469430713185e+01,2.039704281545751883e+02,4.733414321705225802e+01,1.567222222222222285e+02,2.007352123804583144e+01,0.000000000000000000e+00,0.000000000000000000e+00,6.500000000000000000e+01,1.117957434602680848e+02,1.913082241031324848e+00,0.000000000000000000e+00
1.000000000000000000e+00,3.347766346107484878e+02,1.767957434602680564e+02,3.371857338478547206e+01,0.000000000000000000e+00,1.149203013200265744e+01,4.575277777777777715e+02,-8.833996776450646848e+00,1.679617466838174096e+02,4.733414321705225802e+01,1.567222222222222285e+02,2.007352123804583144e+01,0.000000000000000000e+00,0.000000000000000000e+00,6.500000000000000000e+01,1.117957434602680848e+02,3.822031732257605618e+00,0.000000000000000000e+00
1.000000000000000000e+00,4.690198079097804111e+02,1.775704256539731887e+02,1.693847474326992852e+01,0.000000000000000000e+00,1.997136364893723481e-01,6.142500000000000000e+02,-1.520204518399430071e+01,1.623683804699788880e+02,4.733414321705225802e+01,1.567222222222222285e+02,2.084820343175094592e+01,0.000000000000000000e+00,0.000000000000000000e+00,6.500000000000000000e+01,1.125704256539731745e+02,1.926338834720396243e+00,0.000000000000000000e+00
1.000000000000000000e+00,6.144497136364893777e+02,1.775704256539731887e+02,2.412377527512078359e+02,0.000000000000000000e+00,1.578745451356841443e+02,4.600555555555555429e+02,6.714771415198492832e+01,2.447181398059581170e+02,4.944987145200057910e+01,1.643055555555555713e+02,1.326487009841761378e+01,0.000000000000000000e+00,0.000000000000000000e+00,6.500000000000000000e+01,1.125704256539731745e+02,1.926338834720396243e+00,0.000000000000000000e+00
1.000000000000000000e+00,6.179301006912396588e+02,1.775704256539731887e+02,2.355399098953869554e+02,0.000000000000000000e+00,8.479385387595073098e-01,6.091944444444445708e+02,5.008176653337818607e+01,2.276521921873513747e+02,4.398715863543284144e+01,1.491388888888888857e+02,2.843153676508429584e+01,0.000000000000000000e+00,0.000000000000000000e+00,6.500000000000000000e+01,1.125704256539731745e+02,1.926338834720396243e+00,0.000000000000000000e+00
1.000000000000000000e+00,6.100423829832041065e+02,1.775704256539731887e+02,4.051458784963043058e+02,0.000000000000000000e+00,3.750686207889941670e+00,4.853333333333334849e+02,1.066170894003504372e+02,2.841875150543236259e+02,4.398715863543284144e+01,1.491388888888888857e+02,2.843153676508429584e+01,0.000000000000000000e+00,0.000000000000000000e+00,6.500000000000000000e+01,1.125704256539731745e+02,1.926338834720396243e+00,0.000000000000000000e+00
1.000000000000000000e+00,4.890840195412234266e+02,1.775704256539731887e+02,9.873937993694171666e+01,0.000000000000000000e+00,6.431332180548434962e+01,5.156666666666668561e+02,1.206492321389640665e+01,1.896353488678695953e+02,4.638151161302237568e+01,1.567222222222222285e+02,2.084820343175095303e+01,0.000000000000000000e+00,0.000000000000000000e+00,6.500000000000000000e+01,1.125704256539731745e+02,1.926338834720396243e+00,0.000000000000000000e+00
1.000000000000000000e+00,5.799799884721512626e+02,1.775704256539731887e+02,4.736031650039352598e+02,0.000000000000000000e+00,5.191121180286080516e+01,3.564166666666668561e+02,1.243806293473385267e+02,3.019510550013117154e+02,4.280355474112949565e+01,1.440833333333333428e+02,3.348709232063984587e+01,0.000000000000000000e+00,0.000000000000000000e+00,6.500000000000000000e+01,1.125704256539731745e+02,1.926338834720396243e+00,0.000000000000000000e+00
1.000000000000000000e+00,4.083278784695276613e+02,1.775704256539732171e+02,1.633096544946011193e+02,0.000000000000000000e+00,5.678810880646005899e+01,3.892777777777779420e+02,2.347723695533824184e+01,2.010476626093114589e+02,4.341150360950731368e+01,1.466111111111111427e+02,3.095931454286207440e+01,0.000000000000000000e+00,0.000000000000000000e+00,6.500000000000000000e+01,1.125704256539731745e+02,5.500149767950730073e+00,0.000000000000000000e+00
1.000000000000000000e+00,4.460658865842380010e+02,1.890207352123804583e+02,2.425569814951315379e+02,0.000000000000000000e+00,1.250121143039024219e+00,4.524722222222223422e+02,6.119270306377450197e+01,2.502134382761549602e+02,5.013500993398990602e+01,1.693611111111111143e+02,1.965962410126933335e+01,0.000000000000000000e+00,0.000000000000000000e+00,7.500000000000000000e+01,1.140207352123804583e+02,1.951156966201162524e+00,0.000000000000000000e+00
1.000000000000000000e+00,4.537223433652613949e+02,1.890207352123804014e+02,3.742413317884395951e+02,0.000000000000000000e+00,3.486701106185714139e+01,3.463055555555556566e+02,1.126708198282107105e+02,3.016915550405910835e+02,5.211606044285061756e+01,1.769444444444444002e+02,1.207629076793600476e+01,0.000000000000000000e+00,0.000000000000000000e+00,7.500000000000000000e+01,1.140207352123804583e+02,1.951156966201162524e+00,0.000000000000000000e+00
1.000000000000000000e+00,3.811725666174128264e+02,1.890207352123804299e+02,3.554216632363984729e+01,0.000000000000000000e+00,1.117223351276390986e+01,5.308333333333333712e+02,7.354431339943914736e+00,1.963751665523243446e+02,5.500483114968023557e+01,1.845277777777777715e+02,4.492957434602662836e+00,0.000000000000000000e+00,0.000000000000000000e+00,7.500000000000000000e+01,1.140207352123804583e+02,1.951156966201162524e+00,0.000000000000000000e+00
1.000000000000000000e+00,5.420055668460972811e+02,1.890207352123804299e+02,1.019034126372190130e+01,0.000000000000000000e+00,4.378672670282642621e+00,7.153611111111111995e+02,-1.096177013361966601e+00,1.879245581990184633e+02,5.500483114968023557e+01,1.845277777777777715e+02,4.492957434602662836e+00,0.000000000000000000e+00,0.000000000000000000e+00,7.500000000000000000e+01,1.140207352123804583e+02,1.951156966201162524e+00,0.000000000000000000e+00
1.000000000000000000e+00,7.197397837813938395e+02,1.890207352123804299e+02,1.757005772682987015e+02,0.000000000000000000e+00,6.418939893586126288e+01,7.229444444444445708e+02,5.407390165483036526e+01,2.430946368672107951e+02,5.500483114968023557e+01,1.845277777777777715e+02,4.492957434602662836e+00,0.000000000000000000e+00,0.000000000000000000e+00,7.500000000000000000e+01,1.140207352123804583e+02,1.951156966201162524e+00,0.000000000000000000e+00
1.000000000000000000e+00,7.871338433803058479e+02,1.890207352123804583e+02,5.612005410473474853e+01,0.000000000000000000e+00,2.677602953270476149e+01,9.100000000000001137e+02,1.674150504475335310e+01,2.057622402571338114e+02,5.546394717418958464e+01,1.870555555555555713e+02,1.965179656824890486e+00,0.000000000000000000e+00,0.000000000000000000e+00,7.500000000000000000e+01,6.219312829766207784e+01,0.000000000000000000e+00,0.000000000000000000e+00
1.000000000000000000e+00,9.367760295327049107e+02,1.882289245511833826e+02,4.971248315483136366e+02,0.000000000000000000e+00,1.891503072271785868e+01,7.735000000000001137e+02,1.645349081871435146e+02,3.527638327383268688e+02,5.546394717418958464e+01,1.870555555555555713e+02,1.173368995627807498e+00,0.000000000000000000e+00,0.000000000000000000e+00,7.500000000000000000e+01,6.176123157337275416e+01,0.000000000000000000e+00,0.000000000000000000e+00
1.000000000000000000e+00,7.924150307227180292e+02,1.874426125751334666e+02,3.771567514218513679e+02,0.000000000000000000e+00,3.036608533037252755e+01,6.951388888888890278e+02,1.228040823432614843e+02,3.102466949183949509e+02,5.394977846539580923e+01,1.845277777777777715e+02,2.914834797355688067e+00,0.000000000000000000e+00,0.000000000000000000e+00,7.500000000000000000e+01,6.133233413189100247e+01,0.000000000000000000e+00,0.000000000000000000e+00
1.000000000000000000e+00,7.255049742192616122e+02,1.866617610989172533e+02,3.157965162782851394e+02,0.000000000000000000e+00,6.755729670040466317e+01,6.319444444444445708e+02,1.031315221049554793e+02,2.897932832038727611e+02,5.366925148264379430e+01,1.845277777777777430e+02,2.133983321139516054e+00,0.000000000000000000e+00,0.000000000000000000e+00,7.500000000000000000e+01,6.090641514486397767e+01,0.000000000000000000e+00,0.000000000000000000e+00
1.000000000000000000e+00,6.995017411448492339e+02,1.858863322023970284e+02,8.314411059060973912e+02,0.000000000000000000e+00,1.199298927630063645e+02,2.072777777777777999e+02,2.732607030996352933e+02,4.591470353020323500e+02,5.340801812217741684e+01,1.820000000000000000e+02,3.886332202397037250e+00,0.000000000000000000e+00,0.000000000000000000e+00,7.500000000000000000e+01,6.048345392858019665e+01,0.000000000000000000e+00,0.000000000000000000e+00
1.000000000000000000e+00,3.272076705407841928e+02,1.851162882287692355e+02,1.156981971274175010e+02,0.000000000000000000e+00,4.279776134472803051e+01,3.892777777777777715e+02,3.544977748036990306e+01,2.205660657091391386e+02,5.471302110262087126e+01,1.819999999999999716e+02,3.116288228769272806e+00,0.000000000000000000e+00,0.000000000000000000e+00,7.500000000000000000e+01,6.006342994296505822e+01,0.000000000000000000e+00,0.000000000000000000e+00
1.000000000000000000e+00,4.320755391225058020e+02,1.843515917827361079e+02,3.406867689379194530e+01,0.000000000000000000e+00,2.008531008220006697e+01,5.712777777777777146e+02,9.004633848527760165e+00,1.933562256312638681e+02,5.471302110262087126e+01,1.819999999999999716e+02,2.351591782736143887e+00,0.000000000000000000e+00,0.000000000000000000e+00,7.500000000000000000e+01,5.964632279058336195e+01,0.000000000000000000e+00,0.000000000000000000e+00
1.000000000000000000e+00,5.913630878599777816e+02,1.835922057286893221e+02,1.855695079280334170e+01,0.000000000000000000e+00,7.714009553664507024e+00,7.532777777777777146e+02,4.593444535578441901e+00,1.881856502642677640e+02,5.471302110262087126e+01,1.819999999999999716e+02,1.592205728689353617e+00,0.000000000000000000e+00,0.000000000000000000e+00,7.500000000000000000e+01,5.923211221564875473e+01,0.000000000000000000e+00,0.000000000000000000e+00
1.000000000000000000e+00,7.609917873314421968e+02,1.828380931889067540e+02,1.028237962696339913e+01,0.000000000000000000e+00,8.590898023555739726e-01,9.352777777777777146e+02,2.589366686747666790e+00,1.854274598756544208e+02,5.471302110262087126e+01,1.819999999999999716e+02,8.380931889067799734e-01,0.000000000000000000e+00,0.000000000000000000e+00,7.500000000000000000e+01,5.882077810304008381e+01,0.000000000000000000e+00,0.000000000000000000e+00
1.000000000000000000e+00,9.361368675801332984e+02,1.820892175417615704e+02,6.156725190791803470e+02,0.000000000000000000e+00,8.838296597179095215e+01,6.193055555555554292e+02,2.051349554846318597e+02,3.872241730263934301e+02,5.471302110262087126e+01,1.819999999999999716e+02,8.921754176158813721e-02,0.000000000000000000e+00,0.000000000000000000e+00,7.500000000000000000e+01,5.841230047732452846e+01,0.000000000000000000e+00,0.000000000000000000e+00
1.000000000000000000e+00,7.076885215273464382e+02,1.813455424199437687e+02,4.821183618598309977e+02,0.000000000000000000e+00,2.851651691763480017e+02,2.755277777777776578e+02,1.537772448666664786e+02,3.351227872866102189e+02,5.137857930850550048e+01,1.744166666666666288e+02,6.928875753277151439e+00,0.000000000000000000e+00,0.000000000000000000e+00,7.500000000000000000e+01,5.800665950178754571e+01,0.000000000000000000e+00,0.000000000000000000e+00
1.000000000000000000e+00,5.606929469541256594e+02,1.636070317086941657e+02,3.352225810140670319e+02,0.000000000000000000e+00,6.168344850030331372e+01,4.221388888888887436e+02,9.474493974043923572e+01,2.583519714491334298e+02,4.336714204576417586e+01,1.466111111111110858e+02,1.699592059758307983e+01,0.000000000000000000e+00,0.000000000000000000e+00,5.800000000000000000e+01,5.760383547746957333e+01,0.000000000000000000e+00,0.000000000000000000e+00
1.000000000000000000e+00,4.838223373891920573e+02,1.628736495440504655e+02,6.833322544872194726e+01,0.000000000000000000e+00,1.612796486782201555e+01,5.687499999999997726e+02,6.515203383301184203e+00,1.693888529273516497e+02,4.336714204576417586e+01,1.466111111111110858e+02,1.626253843293937962e+01,0.000000000000000000e+00,0.000000000000000000e+00,5.800000000000000000e+01,5.720380884220936224e+01,0.000000000000000000e+00,0.000000000000000000e+00
1.000000000000000000e+00,5.848779648678217882e+02,1.621453603111056623e+02,3.497808182377026469e+02,0.000000000000000000e+00,6.099630826490911772e+01,4.373055555555553156e+02,1.010593568792395445e+02,2.632047171903452067e+02,4.336714204576417586e+01,1.466111111111110858e+02,1.553424919999458353e+01,0.000000000000000000e+00,0.000000000000000000e+00,5.800000000000000000e+01,5.680656016969402344e+01,0.000000000000000000e+00,0.000000000000000000e+00
1.000000000000000000e+00,4.983018638204644049e+02,1.614221286422785795e+02,6.132734662110551653e+02,0.000000000000000000e+00,3.131399745753901698e+01,1.971666666666664014e+02,1.820301378725175709e+02,3.434522665147961789e+02,4.078916300128886263e+01,1.390277777777777715e+02,2.239435086450080092e+01,0.000000000000000000e+00,0.000000000000000000e+00,5.800000000000000000e+01,5.641207016851559075e+01,0.000000000000000000e+00,0.000000000000000000e+00
1.000000000000000000e+00,2.284806641242054184e+02,1.607039194155960899e+02,2.736339337827387652e+01,0.000000000000000000e+00,1.307173520535643263e+01,3.387222222222219443e+02,-1.002723273394923353e+01,1.506766866816468564e+02,4.192060046487698344e+01,1.415555555555555713e+02,1.914836386004051505e+01,0.000000000000000000e+00,0.000000000000000000e+00,5.800000000000000000e+01,9.139631782640904589e+01,1.331802283112463181e+00,0.000000000000000000e+00
1.000000000000000000e+00,3.517939574275783912e+02,1.605311643913168496e+02,1.426663973242479244e+01,0.000000000000000000e+00,3.560642050406571002e+00,4.802777777777775441e+02,-1.422006225828636161e+01,1.463111021330304879e+02,4.192060046487698344e+01,1.415555555555555713e+02,1.897560883576126400e+01,0.000000000000000000e+00,0.000000000000000000e+00,5.800000000000000000e+01,1.015032006104817270e+02,1.715844176658473774e+00,0.000000000000000000e+00
1.000000000000000000e+00,4.838384198281841009e+02,1.605154593891096226e+02,4.359609828936011411e+01,0.000000000000000000e+00,1.494102096861093898e+01,5.839166666666665151e+02,-1.900093292656151789e+00,1.586153660964534708e+02,4.242028161552278931e+01,1.440833333333333428e+02,1.643212605577629049e+01,0.000000000000000000e+00,0.000000000000000000e+00,5.800000000000000000e+01,1.024220081363061752e+02,1.750757076071734586e+00,0.000000000000000000e+00
1.000000000000000000e+00,5.988576876352774434e+02,1.605140316616362668e+02,4.410602970143698940e+02,0.000000000000000000e+00,2.423415629236433233e+01,4.196111111111110290e+02,1.255338451209314599e+02,2.860478767825677551e+02,4.143449907173574331e+01,1.390277777777777999e+02,2.148625388385845980e+01,0.000000000000000000e+00,0.000000000000000000e+00,5.800000000000000000e+01,1.025140316616362526e+02,1.754250809183079740e+00,0.000000000000000000e+00
1.000000000000000000e+00,4.438452674034753613e+02,1.605140316616362099e+02,3.720403279141625035e+02,0.000000000000000000e+00,6.690171546070047270e+01,2.729999999999999432e+02,1.075827443097513765e+02,2.680967759713876148e+02,4.205911222113020642e+01,1.440833333333333144e+02,1.643069832830290622e+01,0.000000000000000000e+00,0.000000000000000000e+00,5.800000000000000000e+01,1.025140316616362526e+02,1.754250809183079740e+00,0.000000000000000000e+00
1.000000000000000000e+00,3.399017154607004159e+02,1.605140316616362384e+02,3.036238029219473447e+02,0.000000000000000000e+00,6.041402401624480945e+00,2.704722222222221149e+02,7.972168042345725780e+01,2.402357120850934962e+02,4.062775202729387303e+01,1.390277777777777715e+02,2.148625388385845980e+01,0.000000000000000000e+00,0.000000000000000000e+00,5.800000000000000000e+01,1.025140316616362526e+02,1.754250809183079740e+00,0.000000000000000000e+00
1.000000000000000000e+00,2.765136246238465674e+02,1.605140316616362384e+02,5.874473320028002377e+00,0.000000000000000000e+00,2.125086854939146175e+00,4.044444444444443434e+02,-2.458365166607131869e+01,1.359303799955649197e+02,3.880142716057359564e+01,1.339722222222222285e+02,2.654180943941401694e+01,0.000000000000000000e+00,0.000000000000000000e+00,5.800000000000000000e+01,1.025140316616362526e+02,1.754250809183079740e+00,0.000000000000000000e+00
1.000000000000000000e+00,4.065695312993834705e+02,1.605140316616362384e+02,2.817449637016519848e+00,0.000000000000000000e+00,2.467870969281329430e-01,5.384166666666667425e+02,-2.560265956040831270e+01,1.349113721012279257e+02,3.880142716057359564e+01,1.339722222222222285e+02,2.654180943941401694e+01,0.000000000000000000e+00,0.000000000000000000e+00,5.800000000000000000e+01,1.025140316616362526e+02,1.754250809183079740e+00,0.000000000000000000e+00
1.000000000000000000e+00,5.386634537635949300e+02,1.605140316616362384e+02,1.695878608188670853e+02,0.000000000000000000e+00,6.918821321768341193e+01,4.903888888888889710e+02,2.998747750020822878e+01,1.905015091618444671e+02,3.880142716057359564e+01,1.339722222222222285e+02,2.654180943941401694e+01,0.000000000000000000e+00,0.000000000000000000e+00,5.800000000000000000e+01,1.025140316616362526e+02,1.754250809183079740e+00,0.000000000000000000e+00
1.000000000000000000e+00,5.595771021065723971e+02,1.605140316616362384e+02,1.564147911276779439e+02,0.000000000000000000e+00,1.546724135478700646e+01,5.813888888888890278e+02,3.317978760314542797e+01,1.936938192647816663e+02,4.067040264226862689e+01,1.415555555555555429e+02,1.895847610608068834e+01,0.000000000000000000e+00,0.000000000000000000e+00,5.800000000000000000e+01,1.025140316616362526e+02,1.754250809183079740e+00,0.000000000000000000e+00
1.000000000000000000e+00,5.968561302436760343e+02,1.605140316616362384e+02,4.254899699276979277e+02,0.000000000000000000e+00,1.362517058474327882e+02,3.109166666666667993e+02,1.152881805364852426e+02,2.758022121981214809e+02,3.834106732748457347e+01,1.339722222222222001e+02,2.654180943941403115e+01,0.000000000000000000e+00,0.000000000000000000e+00,5.800000000000000000e+01,1.025140316616362526e+02,1.754250809183079740e+00,0.000000000000000000e+00
1.000000000000000000e+00,4.471683725140995875e+02,1.605140316616362668e+02,3.616194811447980442e+02,0.000000000000000000e+00,3.167205175090074931e+01,3.033333333333334281e+02,8.894246205329636723e+01,2.494564937149326340e+02,3.770596441860114112e+01,1.289166666666666856e+02,3.159736499496958118e+01,0.000000000000000000e+00,0.000000000000000000e+00,5.800000000000000000e+01,1.025140316616362526e+02,1.754250809183079740e+00,0.000000000000000000e+00
1.000000000000000000e+00,3.350053850842341490e+02,1.655140316616362384e+02,1.057094818629600752e+02,0.000000000000000000e+00,4.967128606448292771e+01,3.715833333333333712e+02,2.644468451490598682e+01,1.919587161765422252e+02,4.681364502673991268e+01,1.567222222222222001e+02,8.791809439414031146e+00,0.000000000000000000e+00,0.000000000000000000e+00,6.300000000000000000e+01,1.025140316616362526e+02,1.754250809183079740e+00,0.000000000000000000e+00
1.000000000000000000e+00,4.212546193978163274e+02,1.655140316616362384e+02,1.548699895438798819e+02,0.000000000000000000e+00,4.753573747967412544e+01,4.145555555555555998e+02,3.019263151965702718e+01,1.957066631812932656e+02,4.336800403731990627e+01,1.440833333333333144e+02,2.143069832830291688e+01,0.000000000000000000e+00,0.000000000000000000e+00,6.300000000000000000e+01,1.025140316616362526e+02,6.233863811053768522e+00,0.000000000000000000e+00
1.000000000000000000e+00,4.620912930352297394e+02,1.673319301671697019e+02,4.698009738377796651e+01,0.000000000000000000e+00,1.621567255715548228e+01,5.712777777777779420e+02,5.050324516311945899e+00,1.723822546834816478e+02,4.814111226962210566e+01,1.567222222222222001e+02,1.060970794494750535e+01,0.000000000000000000e+00,0.000000000000000000e+00,6.300000000000000000e+01,1.043319301671697303e+02,1.785359232807182117e+00,0.000000000000000000e+00
1.000000000000000000e+00,5.874934503349334136e+02,1.673319301671697019e+02,5.432128462755097189e+02,0.000000000000000000e+00,1.394071083734824015e+02,2.426666666666668561e+02,1.704612408135558326e+02,3.377931709807255629e+02,4.814111226962210566e+01,1.567222222222222001e+02,1.060970794494750535e+01,0.000000000000000000e+00,0.000000000000000000e+00,6.300000000000000000e+01,1.043319301671697303e+02,1.785359232807182117e+00,0.000000000000000000e+00
1.000000000000000000e+00,3.820737750401492576e+02,1.673319301671697303e+02,1.586064666744715055e+02,0.000000000000000000e+00,4.630835281272361215e+01,3.892777777777780557e+02,4.478689205765419956e+01,2.121188222248239299e+02,4.826421215701881806e+01,1.592500000000000000e+02,8.081930167169719681e+00,0.000000000000000000e+00,0.000000000000000000e+00,6.300000000000000000e+01,1.043319301671697303e+02,1.785359232807182117e+00,0.000000000000000000e+00
1.000000000000000000e+00,4.355861305905016820e+02,1.673319301671697303e+02,5.048177909794645046e+01,0.000000000000000000e+00,3.287605563631485950e+01,5.283055555555558840e+02,8.745329532145717621e+00,1.760772596993154480e+02,4.817749832592761550e+01,1.592500000000000000e+02,8.081930167169719681e+00,0.000000000000000000e+00,0.000000000000000000e+00,6.300000000000000000e+01,1.043319301671697303e+02,1.785359232807182117e+00,0.000000000000000000e+00
1.000000000000000000e+00,5.611816111918707293e+02,1.673319301671697303e+02,4.676896652625336515e+02,0.000000000000000000e+00,2.188850101684795391e+01,3.842222222222226264e+02,1.452868471425637154e+02,3.126187773097334457e+02,4.768789236697089962e+01,1.567222222222222285e+02,1.060970794494749114e+01,0.000000000000000000e+00,0.000000000000000000e+00,6.300000000000000000e+01,1.043319301671697303e+02,1.785359232807182117e+00,0.000000000000000000e+00
1.000000000000000000e+00,4.061107232390705803e+02,1.673319301671697303e+02,2.353690398835103110e+02,0.000000000000000000e+00,1.475807761174422694e+00,4.019166666666670835e+02,6.531886090511159182e+01,2.326507910722813222e+02,4.599386285319595657e+01,1.541944444444444571e+02,1.313748572272527682e+01,0.000000000000000000e+00,0.000000000000000000e+00,6.300000000000000000e+01,1.043319301671697303e+02,1.785359232807182117e+00,0.000000000000000000e+00
1.000000000000000000e+00,4.033924744278415346e+02,1.673319301671697303e+02,1.113325583259006990e+00,0.000000000000000000e+00,7.335907056684181082e-01,5.586388888888894826e+02,-1.023859941719433664e+01,1.570933307499753937e+02,4.578209765459531155e+01,1.567222222222222285e+02,1.060970794494750535e+01,0.000000000000000000e+00,0.000000000000000000e+00,6.300000000000000000e+01,1.043319301671697303e+02,1.785359232807182117e+00,0.000000000000000000e+00
1.000000000000000000e+00,5.593724795945579444e+02,1.673319301671697303e+02,9.469152730573762167e-01,0.000000000000000000e+00,1.023138569635005934e-01,7.178888888888895963e+02,-7.766291742817202248e+00,1.595656384243525281e+02,4.601334141297777336e+01,1.592500000000000000e+02,8.081930167169732115e+00,0.000000000000000000e+00,0.000000000000000000e+00,6.300000000000000000e+01,1.043319301671697303e+02,1.785359232807182117e+00,0.000000000000000000e+00
1.000000000000000000e+00,7.179912027458531156e+02,1.673319301671697303e+02,1.348942266309000326e-01,0.000000000000000000e+00,1.238437254290057632e-02,8.771388888888897100e+02,-8.036965424959362281e+00,1.592949647422103681e+02,4.601334141297777336e+01,1.592500000000000000e+02,8.081930167169732115e+00,0.000000000000000000e+00,0.000000000000000000e+00,6.300000000000000000e+01,1.043319301671697303e+02,1.785359232807182117e+00,0.000000000000000000e+00
1.000000000000000000e+00,8.771512732614326069e+02,1.673319301671697303e+02,7.629854535574704641e+02,0.000000000000000000e+00,3.735541533422923521e+01,4.903888888888897668e+02,2.462465543519870153e+02,4.135784845191567456e+02,4.601334141297777336e+01,1.592500000000000000e+02,8.081930167169732115e+00,0.000000000000000000e+00,0.000000000000000000e+00,6.300000000000000000e+01,1.043319301671697303e+02,1.785359232807182117e+00,0.000000000000000000e+00
1.000000000000000000e+00,5.277443042231190020e+02,1.673319301671697303e+02,2.808151129655303748e+02,0.000000000000000000e+00,3.214534002387563305e+01,4.524722222222231380e+02,7.035644082134047039e+01,2.376883709885102007e+02,3.993013436459977328e+01,1.440833333333333144e+02,2.324859683383640174e+01,0.000000000000000000e+00,0.000000000000000000e+00,6.300000000000000000e+01,5.690832554572894963e+01,0.000000000000000000e+00,0.000000000000000000e+00
1.000000000000000000e+00,4.846175622460987711e+02,1.666074028743421422e+02,5.768600400044881837e+01,0.000000000000000000e+00,1.643800402357641843e+01,5.864444444444455939e+02,9.343487348030009798e+00,1.759508902223721520e+02,4.371537932303729690e+01,1.567222222222222001e+02,9.885180652119942124e+00,0.000000000000000000e+00,0.000000000000000000e+00,6.300000000000000000e+01,5.651312884055027297e+01,0.000000000000000000e+00,0.000000000000000000e+00
1.000000000000000000e+00,6.028824484680220621e+02,1.658879070210481075e+02,1.637479524084579197e+01,0.000000000000000000e+00,5.521473863012557715e+00,7.406388888888902784e+02,-6.235197496321575272e+00,1.596527095247265322e+02,4.351333807835597156e+01,1.541944444444444287e+02,1.169346257660367172e+01,0.000000000000000000e+00,0.000000000000000000e+00,6.300000000000000000e+01,1.028879070210481075e+02,1.760648676296010073e+00,0.000000000000000000e+00
1.000000000000000000e+00,7.461603627519028805e+02,1.658879070210481075e+02,1.362525461854963851e+02,0.000000000000000000e+00,1.579755418379275511e+01,7.937222222222237633e+02,3.372405281856185866e+01,1.996119598396099661e+02,4.351333807835597156e+01,1.541944444444444287e+02,1.169346257660367172e+01,0.000000000000000000e+00,0.000000000000000000e+00,6.300000000000000000e+01,1.028879070210481075e+02,1.760648676296010073e+00,0.000000000000000000e+00
1.000000000000000000e+00,8.095197764060164900e+02,1.658879070210481075e+02,5.119609743200288676e+02,0.000000000000000000e+00,2.053235713037735195e+02,4.044444444444460487e+02,1.463213066411839236e+02,3.122092136622320595e+02,3.978436946249412642e+01,1.415555555555555429e+02,2.433235146549255745e+01,0.000000000000000000e+00,0.000000000000000000e+00,6.300000000000000000e+01,1.028879070210481075e+02,8.991545409831484648e+00,0.000000000000000000e+00
1.000000000000000000e+00,6.097680157482195682e+02,1.688223204090062950e+02,6.331053580443090141e+02,0.000000000000000000e+00,9.416999927423415784e+01,2.502500000000015916e+02,1.989350211613189003e+02,3.677573415703251953e+02,4.579026577217621252e+01,1.567222222222222001e+02,1.210009818678408777e+01,0.000000000000000000e+00,0.000000000000000000e+00,6.300000000000000000e+01,1.058223204090062950e+02,1.810863236945562171e+00,0.000000000000000000e+00
1.000000000000000000e+00,3.444199992742357495e+02,1.688223204090062950e+02,1.303263131840146798e+02,0.000000000000000000e+00,7.285790484891037977e+00,4.095000000000015916e+02,3.386978398566532178e+01,2.026921043946716168e+02,4.643151655240439624e+01,1.592499999999999716e+02,9.572320409006316311e+00,0.000000000000000000e+00,0.000000000000000000e+00,6.300000000000000000e+01,5.772126567763979921e+01,0.000000000000000000e+00,0.000000000000000000e+00
1.000000000000000000e+00,4.167857904848926296e+02,1.680874431839437477e+02,7.392310879002142343e+00,0.000000000000000000e+00,2.357583232222943082e+00,5.687500000000017053e+02,-6.373339557609540407e+00,1.617141036263342073e+02,4.643151655240439624e+01,1.592499999999999716e+02,8.837443183943765490e+00,0.000000000000000000e+00,0.000000000000000000e+00,6.300000000000000000e+01,1.050874431839437477e+02,1.798287797800106613e+00,0.000000000000000000e+00
1.000000000000000000e+00,5.711075832322246697e+02,1.680874431839437477e+02,4.107832467883197296e+02,0.000000000000000000e+00,1.414097426223207776e+01,4.423611111111127911e+02,1.280903057454962664e+02,2.961777489294399857e+02,4.643151655240439624e+01,1.592499999999999716e+02,8.837443183943765490e+00,0.000000000000000000e+00,0.000000000000000000e+00,6.300000000000000000e+01,1.050874431839437477e+02,1.798287797800106613e+00,0.000000000000000000e+00
1.000000000000000000e+00,4.565020853733448689e+02,1.680874431839437477e+02,1.551673657413749083e+02,0.000000000000000000e+00,8.764050821242656752e+01,4.246666666666683341e+02,4.288501206318113645e+01,2.109724552471248842e+02,4.739193001669123362e+01,1.592499999999999716e+02,8.837443183943765490e+00,0.000000000000000000e+00,0.000000000000000000e+00,6.300000000000000000e+01,1.050874431839437477e+02,1.798287797800106613e+00,0.000000000000000000e+00
1.000000000000000000e+00,5.123071748790948732e+02,1.680874431839437477e+02,9.055568983899325985e+01,0.000000000000000000e+00,2.727004831976439903e+01,5.813888888888905058e+02,1.882000898460967164e+01,1.869074521685534194e+02,4.668020195358394631e+01,1.567222222222222001e+02,1.136522096172153695e+01,0.000000000000000000e+00,0.000000000000000000e+00,6.300000000000000000e+01,1.050874431839437477e+02,1.798287797800106613e+00,0.000000000000000000e+00
1.000000000000000000e+00,6.086589372086549474e+02,1.680874431839437477e+02,4.359493048267547266e+01,0.000000000000000000e+00,2.854009466464741251e+01,7.077777777777794199e+02,3.166422532503702314e+00,1.712538657164474500e+02,4.668020195358394631e+01,1.567222222222222001e+02,1.136522096172153695e+01,0.000000000000000000e+00,0.000000000000000000e+00,6.300000000000000000e+01,1.050874431839437477e+02,1.798287797800106613e+00,0.000000000000000000e+00
1.000000000000000000e+00,7.363178724424268466e+02,1.680874431839437761e+02,2.553417759007842847e+01,0.000000000000000000e+00,1.151730960459512687e+01,8.670277777777795336e+02,-3.260506539176049046e-01,1.677613925300261712e+02,4.728053082081495262e+01,1.592500000000000000e+02,8.837443183943765490e+00,0.000000000000000000e+00,0.000000000000000000e+00,6.300000000000000000e+01,1.050874431839437477e+02,1.798287797800106613e+00,0.000000000000000000e+00
1.000000000000000000e+00,8.785450873823746178e+02,1.680874431839437761e+02,3.392646044032140935e+02,0.000000000000000000e+00,1.038409066691190787e+02,7.077777777777796473e+02,1.042507582837944256e+02,2.723382014677382017e+02,4.728053082081495262e+01,1.592500000000000000e+02,8.837443183943765490e+00,0.000000000000000000e+00,0.000000000000000000e+00,6.300000000000000000e+01,1.050874431839437477e+02,1.798287797800106613e+00,0.000000000000000000e+00
1.000000000000000000e+00,8.116186844468986692e+02,1.680874431839437477e+02,1.315324881358133666e+02,0.000000000000000000e+00,1.615258124524349626e+01,8.569166666666686751e+02,2.489560841688319215e+01,1.929830516008269399e+02,4.426789880630231266e+01,1.491388888888888573e+02,1.894855429505487976e+01,0.000000000000000000e+00,0.000000000000000000e+00,6.300000000000000000e+01,1.050874431839437477e+02,1.798287797800106613e+00,0.000000000000000000e+00
1.000000000000000000e+00,8.730692479119121572e+02,1.680874431839437477e+02,6.031355642678204276e+02,0.000000000000000000e+00,9.433998284447426386e+01,5.257777777777798747e+02,1.820966337942185191e+02,3.501840769781622384e+02,4.426789880630231266e+01,1.491388888888888573e+02,1.894855429505487976e+01,0.000000000000000000e+00,0.000000000000000000e+00,6.300000000000000000e+01,1.050874431839437477e+02,1.798287797800106613e+00,0.000000000000000000e+00
1.000000000000000000e+00,6.201177606222540817e+02,1.680874431839437761e+02,4.970856975886379132e+02,0.000000000000000000e+00,4.606062889649342651e+01,4.019166666666687888e+02,1.568577893456022139e+02,3.249452325295459900e+02,4.823769615875323780e+01,1.592500000000000000e+02,8.837443183943776148e+00,0.000000000000000000e+00,0.000000000000000000e+00,6.300000000000000000e+01,1.050874431839437477e+02,6.831853567439601704e+00,0.000000000000000000e+00
1.000000000000000000e+00,4.479772955631622153e+02,1.701301445704945081e+02,2.392075637306168119e+02,0.000000000000000000e+00,1.494778086316377994e+02,2.932222222222243317e+02,6.380015445082221959e+01,2.339302990213167277e+02,4.630187505932917702e+01,1.541944444444444287e+02,1.593570012605008301e+01,0.000000000000000000e+00,0.000000000000000000e+00,6.300000000000000000e+01,1.071301445704945081e+02,1.833243115644825449e+00,0.000000000000000000e+00
1.000000000000000000e+00,4.427000308538621312e+02,1.701301445704945081e+02,2.218212267543547682e+02,0.000000000000000000e+00,1.596990795401296737e+00,4.524722222222243317e+02,6.306026434762384270e+01,2.331904089181183508e+02,4.774555482036532794e+01,1.592499999999999716e+02,1.088014457049452766e+01,0.000000000000000000e+00,0.000000000000000000e+00,6.300000000000000000e+01,1.071301445704945081e+02,1.833243115644825449e+00,0.000000000000000000e+00
1.000000000000000000e+00,4.540692130176256569e+02,1.701301445704945081e+02,9.415673363963892939e+01,0.000000000000000000e+00,1.465916836897535092e+01,5.358888888888910742e+02,2.050543330938512554e+01,1.906355778798796337e+02,4.774555482036532794e+01,1.592499999999999716e+02,1.088014457049452766e+01,0.000000000000000000e+00,0.000000000000000000e+00,6.300000000000000000e+01,5.843462431117882261e+01,0.000000000000000000e+00,0.000000000000000000e+00
1.000000000000000000e+00,5.505480572578663896e+02,1.693861852331993987e+02,3.524951092382700608e+02,0.000000000000000000e+00,7.035687332123978877e+01,3.968611111111133027e+02,9.977885117955736405e+01,2.691650364127567627e+02,4.583757367368787783e+01,1.516666666666666572e+02,1.771951856653274859e+01,0.000000000000000000e+00,0.000000000000000000e+00,6.300000000000000000e+01,5.802882830901785383e+01,0.000000000000000000e+00,0.000000000000000000e+00
1.000000000000000000e+00,4.672179844323530915e+02,1.686473922801910703e+02,6.356642291176065385e+01,0.000000000000000000e+00,2.797925804673268857e+01,5.510555555555578167e+02,6.735859801506990152e+00,1.753832520816980605e+02,4.688090226278617223e+01,1.541944444444444287e+02,1.445294783574664876e+01,0.000000000000000000e+00,0.000000000000000000e+00,6.300000000000000000e+01,1.056473922801910703e+02,1.807869814420381527e+00,0.000000000000000000e+00
1.000000000000000000e+00,5.790348136022904555e+02,1.686473922801910703e+02,2.386195913077807518e+02,0.000000000000000000e+00,7.364953050821219449e+01,5.005000000000021600e+02,6.508691593351363736e+01,2.337343082137047077e+02,4.688090226278617223e+01,1.541944444444444287e+02,1.445294783574664876e+01,0.000000000000000000e+00,0.000000000000000000e+00,6.300000000000000000e+01,1.056473922801910703e+02,1.807869814420381527e+00,0.000000000000000000e+00
