2.000000000000000000e+00,0.000000000000000000e+00,1.832723729979770155e+01,1.155000000000000249e+00,-1.717223729979770042e+01,1.155000000000001137e+00,4.445027154004066450e-01,1.050000000000000044e+00,1.727723729979770084e+01,0.000000000000000000e+00,0.000000000000000000e+00,1.500000000000000000e+01,3.327237299797701553e+00
2.000000000000000000e+00,1.155000000000000249e+00,1.832723729979770155e+01,9.240000000000001990e+00,-1.024223729979770070e+01,8.085000000000000853e+00,4.079762671811860919e+00,7.349999999999999645e+00,1.097723729979770191e+01,0.000000000000000000e+00,0.000000000000000000e+00,1.500000000000000000e+01,3.321905188740333248e+00
2.000000000000000000e+00,9.240000000000001990e+00,1.832723729979770155e+01,2.541000000000000369e+01,-2.157237299797699848e+00,1.617000000000000171e+01,8.285196206573463229e+00,1.469999999999999929e+01,3.627237299797701819e+00,0.000000000000000000e+00,0.000000000000000000e+00,1.500000000000000000e+01,3.316581622732736268e+00
2.000000000000000000e+00,2.541000000000000369e+01,1.832723729979770155e+01,4.042500000000000426e+01,-3.312237299797700985e+00,1.501500000000000057e+01,7.556968391178148892e+00,1.365000000000000036e+01,4.677237299797701198e+00,0.000000000000000000e+00,0.000000000000000000e+00,1.500000000000000000e+01,3.311266588080921114e+00
2.000000000000000000e+00,4.042500000000000426e+01,1.832723729979770155e+01,4.042500000000000426e+01,-1.832723729979770155e+01,0.000000000000000000e+00,0.000000000000000000e+00,1.575000000000000000e+01,2.577237299797701553e+00,8.926742418212171515e+00,1.575000000000000000e+01,1.500000000000000000e+01,3.305960071112842513e+00
2.000000000000000000e+00,4.042500000000000426e+01,1.832723729979770155e+01,4.042500000000000426e+01,-1.832723729979770155e+01,0.000000000000000000e+00,0.000000000000000000e+00,0.000000000000000000e+00,1.832723729979770155e+01,0.000000000000000000e+00,0.000000000000000000e+00,1.500000000000000000e+01,3.300662058178367442e+00
2.000000000000000000e+00,4.042500000000000426e+01,1.832723729979770155e+01,4.042500000000000426e+01,-1.832723729979770155e+01,0.000000000000000000e+00,0.000000000000000000e+00,0.000000000000000000e+00,1.832723729979770155e+01,0.000000000000000000e+00,0.000000000000000000e+00,8.000000000000000000e+00,3.295372535649235157e+00
2.000000000000000000e+00,4.042500000000000426e+01,1.832723729979770155e+01,4.042500000000000426e+01,-1.832723729979770155e+01,0.000000000000000000e+00,0.000000000000000000e+00,0.000000000000000000e+00,1.832723729979770155e+01,0.000000000000000000e+00,0.000000000000000000e+00,8.000000000000000000e+00,3.290091489919027889e+00
2.000000000000000000e+00,4.042500000000000426e+01,1.832723729979770155e+01,4.042500000000000426e+01,-1.832723729979770155e+01,0.000000000000000000e+00,0.000000000000000000e+00,0.000000000000000000e+00,1.832723729979770155e+01,0.000000000000000000e+00,0.000000000000000000e+00,8.000000000000000000e+00,3.284818907403131760e+00
2.000000000000000000e+00,4.042500000000000426e+01,1.832723729979770155e+01,4.966499999999999915e+01,-9.087237299797706669e+00,9.239999999999994884e+00,4.486177572063497543e+00,8.400000000000000355e+00,9.927237299797701198e+00,0.000000000000000000e+00,0.000000000000000000e+00,8.000000000000000000e+00,3.279554774538704365e+00
2.000000000000000000e+00,4.966499999999999915e+01,1.832723729979770155e+01,4.966499999999999915e+01,-1.832723729979770155e+01,0.000000000000000000e+00,0.000000000000000000e+00,0.000000000000000000e+00,1.832723729979770155e+01,0.000000000000000000e+00,0.000000000000000000e+00,8.000000000000000000e+00,3.274299077784636136e+00
2.000000000000000000e+00,4.966499999999999915e+01,1.832723729979770155e+01,5.428500000000000369e+01,-1.370723729979769701e+01,4.620000000000004547e+00,2.115605451416178173e+00,4.200000000000000178e+00,1.412723729979770226e+01,0.000000000000000000e+00,0.000000000000000000e+00,6.000000000000000000e+00,3.269051803621519703e+00
2.000000000000000000e+00,5.428500000000000369e+01,1.832723729979770155e+01,6.006000000000000938e+01,-1.255223729979769587e+01,5.775000000000005684e+00,2.655636121029542274e+00,5.250000000000000000e+00,1.307723729979770155e+01,0.000000000000000000e+00,0.000000000000000000e+00,6.000000000000000000e+00,3.263812938551613030e+00
2.000000000000000000e+00,6.006000000000000938e+01,1.832723729979770155e+01,6.006000000000000938e+01,-1.832723729979770155e+01,0.000000000000000000e+00,0.000000000000000000e+00,0.000000000000000000e+00,1.832723729979770155e+01,0.000000000000000000e+00,0.000000000000000000e+00,6.000000000000000000e+00,3.258582469098806556e+00
2.000000000000000000e+00,6.006000000000000938e+01,1.832723729979770155e+01,6.699000000000000909e+01,-1.139723729979770184e+01,6.929999999999999716e+00,3.014310561555682000e+00,6.299999999999999822e+00,1.202723729979770084e+01,0.000000000000000000e+00,0.000000000000000000e+00,6.000000000000000000e+00,3.253360381808583668e+00
2.000000000000000000e+00,6.699000000000000909e+01,1.832723729979770155e+01,6.699000000000000909e+01,-1.832723729979770155e+01,0.000000000000000000e+00,0.000000000000000000e+00,0.000000000000000000e+00,1.832723729979770155e+01,0.000000000000000000e+00,0.000000000000000000e+00,6.000000000000000000e+00,3.248146663247993171e+00
2.000000000000000000e+00,6.699000000000000909e+01,1.832723729979770155e+01,7.045499999999999829e+01,-1.486223729979771235e+01,3.464999999999989200e+00,1.477020000550448575e+00,3.149999999999999911e+00,1.517723729979770120e+01,0.000000000000000000e+00,0.000000000000000000e+00,5.000000000000000000e+00,3.242941300005607985e+00
2.000000000000000000e+00,7.045499999999999829e+01,1.832723729979770155e+01,7.160999999999999943e+01,-1.717223729979770042e+01,1.155000000000001137e+00,3.515525215381964941e-01,1.050000000000000044e+00,1.727723729979770084e+01,0.000000000000000000e+00,0.000000000000000000e+00,5.000000000000000000e+00,3.237744278691496280e+00
2.000000000000000000e+00,7.160999999999999943e+01,1.832723729979770155e+01,7.738500000000000512e+01,-1.255223729979769587e+01,5.775000000000005684e+00,2.857559124092884595e+00,5.250000000000000000e+00,1.307723729979770155e+01,0.000000000000000000e+00,0.000000000000000000e+00,5.000000000000000000e+00,3.232555585937183285e+00
2.000000000000000000e+00,7.738500000000000512e+01,1.832723729979770155e+01,8.315999999999999659e+01,-1.255223729979771008e+01,5.774999999999991473e+00,2.807081103887043572e+00,5.250000000000000000e+00,1.307723729979770155e+01,0.000000000000000000e+00,0.000000000000000000e+00,5.000000000000000000e+00,3.227375208395617534e+00
2.000000000000000000e+00,8.315999999999999659e+01,1.832723729979770155e+01,8.315999999999999659e+01,-1.832723729979770155e+01,0.000000000000000000e+00,0.000000000000000000e+00,0.000000000000000000e+00,1.832723729979770155e+01,0.000000000000000000e+00,0.000000000000000000e+00,5.000000000000000000e+00,3.222203132741137566e+00
2.000000000000000000e+00,8.315999999999999659e+01,1.832723729979770155e+01,8.315999999999999659e+01,-1.832723729979770155e+01,0.000000000000000000e+00,0.000000000000000000e+00,0.000000000000000000e+00,1.832723729979770155e+01,0.000000000000000000e+00,0.000000000000000000e+00,4.000000000000000000e+00,3.217039345669437278e+00
2.000000000000000000e+00,8.315999999999999659e+01,1.832723729979770155e+01,8.315999999999999659e+01,-1.832723729979770155e+01,0.000000000000000000e+00,0.000000000000000000e+00,0.000000000000000000e+00,1.832723729979770155e+01,0.000000000000000000e+00,0.000000000000000000e+00,4.000000000000000000e+00,3.211883833897530849e+00
2.000000000000000000e+00,8.315999999999999659e+01,1.832723729979770155e+01,8.315999999999999659e+01,-1.832723729979770155e+01,0.000000000000000000e+00,0.000000000000000000e+00,0.000000000000000000e+00,1.832723729979770155e+01,0.000000000000000000e+00,0.000000000000000000e+00,4.000000000000000000e+00,3.206736584163720760e+00
2.000000000000000000e+00,8.315999999999999659e+01,1.832723729979770155e+01,8.315999999999999659e+01,-1.832723729979770155e+01,0.000000000000000000e+00,0.000000000000000000e+00,0.000000000000000000e+00,1.832723729979770155e+01,0.000000000000000000e+00,0.000000000000000000e+00,4.000000000000000000e+00,3.201597583227560939e+00
2.000000000000000000e+00,8.315999999999999659e+01,1.832723729979770155e+01,8.315999999999999659e+01,-1.832723729979770155e+01,0.000000000000000000e+00,0.000000000000000000e+00,0.000000000000000000e+00,1.832723729979770155e+01,0.000000000000000000e+00,0.000000000000000000e+00,4.000000000000000000e+00,3.196466817869824339e+00
2.000000000000000000e+00,8.315999999999999659e+01,1.832723729979770155e+01,8.315999999999999659e+01,-1.832723729979770155e+01,0.000000000000000000e+00,0.000000000000000000e+00,0.000000000000000000e+00,1.832723729979770155e+01,0.000000000000000000e+00,0.000000000000000000e+00,5.000000000000000000e+00,3.191344274892468746e+00
2.000000000000000000e+00,8.315999999999999659e+01,1.832723729979770155e+01,8.315999999999999659e+01,-1.832723729979770155e+01,0.000000000000000000e+00,0.000000000000000000e+00,0.000000000000000000e+00,1.832723729979770155e+01,0.000000000000000000e+00,0.000000000000000000e+00,5.000000000000000000e+00,3.186229941118602582e+00
2.000000000000000000e+00,8.315999999999999659e+01,1.832723729979770155e+01,8.431499999999999773e+01,-1.717223729979770042e+01,1.155000000000001137e+00,1.176851289336866557e-02,1.050000000000000044e+00,1.727723729979770084e+01,0.000000000000000000e+00,0.000000000000000000e+00,5.000000000000000000e+00,3.181123803392451155e+00
2.000000000000000000e+00,8.431499999999999773e+01,1.832723729979770155e+01,8.662499999999998579e+01,-1.601723729979771349e+01,2.309999999999988063e+00,6.238981779893859603e-01,2.100000000000000089e+00,1.622723729979770013e+01,0.000000000000000000e+00,0.000000000000000000e+00,5.000000000000000000e+00,3.176025848579322464e+00
2.000000000000000000e+00,8.662499999999998579e+01,1.832723729979770155e+01,9.009000000000000341e+01,-1.486223729979768393e+01,3.465000000000017621e+00,1.447243183236455177e+00,3.149999999999999911e+00,1.517723729979770120e+01,0.000000000000000000e+00,0.000000000000000000e+00,5.000000000000000000e+00,3.170936063565573448e+00
2.000000000000000000e+00,9.009000000000000341e+01,1.832723729979770155e+01,9.009000000000000341e+01,-1.832723729979770155e+01,0.000000000000000000e+00,0.000000000000000000e+00,0.000000000000000000e+00,1.832723729979770155e+01,0.000000000000000000e+00,0.000000000000000000e+00,3.000000000000000000e+00,3.165854435258577571e+00
2.000000000000000000e+00,9.009000000000000341e+01,1.832723729979770155e+01,9.239999999999999147e+01,-1.601723729979771349e+01,2.309999999999988063e+00,1.049538324724890170e+00,2.100000000000000089e+00,1.622723729979770013e+01,0.000000000000000000e+00,0.000000000000000000e+00,3.000000000000000000e+00,3.160780950586689286e+00
2.000000000000000000e+00,9.239999999999999147e+01,1.832723729979770155e+01,9.239999999999999147e+01,-1.832723729979770155e+01,0.000000000000000000e+00,0.000000000000000000e+00,0.000000000000000000e+00,1.832723729979770155e+01,0.000000000000000000e+00,0.000000000000000000e+00,3.000000000000000000e+00,3.155715596499210296e+00
2.000000000000000000e+00,9.239999999999999147e+01,1.832723729979770155e+01,9.239999999999999147e+01,-1.832723729979770155e+01,0.000000000000000000e+00,0.000000000000000000e+00,0.000000000000000000e+00,1.832723729979770155e+01,0.000000000000000000e+00,0.000000000000000000e+00,3.000000000000000000e+00,3.150658359966358901e+00
2.000000000000000000e+00,9.239999999999999147e+01,1.832723729979770155e+01,9.239999999999999147e+01,-1.832723729979770155e+01,0.000000000000000000e+00,0.000000000000000000e+00,0.000000000000000000e+00,1.832723729979770155e+01,0.000000000000000000e+00,0.000000000000000000e+00,3.000000000000000000e+00,3.145609227979233591e+00
2.000000000000000000e+00,9.239999999999999147e+01,1.832723729979770155e+01,9.239999999999999147e+01,-1.832723729979770155e+01,0.000000000000000000e+00,0.000000000000000000e+00,0.000000000000000000e+00,1.832723729979770155e+01,0.000000000000000000e+00,0.000000000000000000e+00,5.000000000000000000e+00,3.140568187549779733e+00
2.000000000000000000e+00,9.239999999999999147e+01,1.832723729979770155e+01,9.239999999999999147e+01,-1.832723729979770155e+01,0.000000000000000000e+00,0.000000000000000000e+00,0.000000000000000000e+00,1.832723729979770155e+01,0.000000000000000000e+00,0.000000000000000000e+00,5.000000000000000000e+00,3.135535225710757601e+00
2.000000000000000000e+00,9.239999999999999147e+01,1.832723729979770155e+01,9.239999999999999147e+01,-1.832723729979770155e+01,0.000000000000000000e+00,0.000000000000000000e+00,0.000000000000000000e+00,1.832723729979770155e+01,0.000000000000000000e+00,0.000000000000000000e+00,5.000000000000000000e+00,3.130510329515708179e+00
2.000000000000000000e+00,9.239999999999999147e+01,1.832723729979770155e+01,9.239999999999999147e+01,-1.832723729979770155e+01,0.000000000000000000e+00,0.000000000000000000e+00,0.000000000000000000e+00,1.832723729979770155e+01,0.000000000000000000e+00,0.000000000000000000e+00,5.000000000000000000e+00,3.125493486038919855e+00
2.000000000000000000e+00,9.239999999999999147e+01,1.832723729979770155e+01,9.239999999999999147e+01,-1.832723729979770155e+01,0.000000000000000000e+00,0.000000000000000000e+00,0.000000000000000000e+00,1.832723729979770155e+01,0.000000000000000000e+00,0.000000000000000000e+00,5.000000000000000000e+00,3.120484682375396446e+00
2.000000000000000000e+00,9.239999999999999147e+01,1.832723729979770155e+01,9.239999999999999147e+01,-1.832723729979770155e+01,0.000000000000000000e+00,0.000000000000000000e+00,0.000000000000000000e+00,1.832723729979770155e+01,0.000000000000000000e+00,0.000000000000000000e+00,7.000000000000000000e+00,3.115483905640820339e+00
2.000000000000000000e+00,9.239999999999999147e+01,1.832723729979770155e+01,9.239999999999999147e+01,-1.832723729979770155e+01,0.000000000000000000e+00,0.000000000000000000e+00,0.000000000000000000e+00,1.832723729979770155e+01,0.000000000000000000e+00,0.000000000000000000e+00,7.000000000000000000e+00,3.110491142971524070e+00
2.000000000000000000e+00,9.239999999999999147e+01,1.832723729979770155e+01,9.239999999999999147e+01,-1.832723729979770155e+01,0.000000000000000000e+00,0.000000000000000000e+00,0.000000000000000000e+00,1.832723729979770155e+01,0.000000000000000000e+00,0.000000000000000000e+00,7.000000000000000000e+00,3.105506381524454351e+00
2.000000000000000000e+00,9.239999999999999147e+01,1.832723729979770155e+01,9.239999999999999147e+01,-1.832723729979770155e+01,0.000000000000000000e+00,0.000000000000000000e+00,0.000000000000000000e+00,1.832723729979770155e+01,0.000000000000000000e+00,0.000000000000000000e+00,7.000000000000000000e+00,3.100529608477139210e+00
2.000000000000000000e+00,9.239999999999999147e+01,1.832723729979770155e+01,9.586499999999999488e+01,-1.486223729979769814e+01,3.465000000000003411e+00,1.362148088121941658e+00,3.149999999999999911e+00,1.517723729979770120e+01,0.000000000000000000e+00,0.000000000000000000e+00,7.000000000000000000e+00,3.095560811027656456e+00
2.000000000000000000e+00,9.586499999999999488e+01,1.832723729979770155e+01,9.586499999999999488e+01,-1.832723729979770155e+01,0.000000000000000000e+00,0.000000000000000000e+00,0.000000000000000000e+00,1.832723729979770155e+01,0.000000000000000000e+00,0.000000000000000000e+00,6.000000000000000000e+00,3.090599976394599491e+00
2.000000000000000000e+00,9.586499999999999488e+01,1.832723729979770155e+01,1.016400000000000006e+02,-1.255223729979769587e+01,5.775000000000005684e+00,2.917152883258483875e+00,5.250000000000000000e+00,1.307723729979770155e+01,0.000000000000000000e+00,0.000000000000000000e+00,6.000000000000000000e+00,3.085647091817043997e+00
2.000000000000000000e+00,1.016400000000000006e+02,1.832723729979770155e+01,1.016400000000000006e+02,-1.832723729979770155e+01,0.000000000000000000e+00,0.000000000000000000e+00,0.000000000000000000e+00,1.832723729979770155e+01,0.000000000000000000e+00,0.000000000000000000e+00,6.000000000000000000e+00,3.080702144554516408e+00
2.000000000000000000e+00,1.016400000000000006e+02,1.832723729979770155e+01,1.074150000000000063e+02,-1.255223729979769587e+01,5.775000000000005684e+00,2.471293375233613254e+00,5.250000000000000000e+00,1.307723729979770155e+01,0.000000000000000000e+00,0.000000000000000000e+00,6.000000000000000000e+00,3.075765121886961495e+00
2.000000000000000000e+00,1.074150000000000063e+02,1.832723729979770155e+01,1.085699999999999932e+02,-1.717223729979771463e+01,1.154999999999986926e+00,2.576096089429069647e-01,1.050000000000000044e+00,1.727723729979770084e+01,0.000000000000000000e+00,0.000000000000000000e+00,6.000000000000000000e+00,3.070836011114706832e+00
2.000000000000000000e+00,1.085699999999999932e+02,1.832723729979770155e+01,1.085699999999999932e+02,-1.832723729979770155e+01,0.000000000000000000e+00,0.000000000000000000e+00,0.000000000000000000e+00,1.832723729979770155e+01,0.000000000000000000e+00,0.000000000000000000e+00,5.000000000000000000e+00,3.065914799558433046e+00
2.000000000000000000e+00,1.085699999999999932e+02,1.832723729979770155e+01,1.085699999999999932e+02,-1.832723729979770155e+01,0.000000000000000000e+00,0.000000000000000000e+00,0.000000000000000000e+00,1.832723729979770155e+01,0.000000000000000000e+00,0.000000000000000000e+00,5.000000000000000000e+00,3.061001474559140956e+00
2.000000000000000000e+00,1.085699999999999932e+02,1.832723729979770155e+01,1.097249999999999943e+02,-1.717223729979770042e+01,1.155000000000001137e+00,2.914109083210292273e-01,1.050000000000000044e+00,1.727723729979770084e+01,0.000000000000000000e+00,0.000000000000000000e+00,5.000000000000000000e+00,3.056096023478116486e+00
2.000000000000000000e+00,1.097249999999999943e+02,1.832723729979770155e+01,1.097249999999999943e+02,-1.832723729979770155e+01,0.000000000000000000e+00,0.000000000000000000e+00,0.000000000000000000e+00,1.832723729979770155e+01,0.000000000000000000e+00,0.000000000000000000e+00,5.000000000000000000e+00,3.051198433696901802e+00
2.000000000000000000e+00,1.097249999999999943e+02,1.832723729979770155e+01,1.097249999999999943e+02,-1.832723729979770155e+01,0.000000000000000000e+00,0.000000000000000000e+00,0.000000000000000000e+00,1.832723729979770155e+01,0.000000000000000000e+00,0.000000000000000000e+00,5.000000000000000000e+00,3.046308692617259339e+00
2.000000000000000000e+00,1.097249999999999943e+02,1.832723729979770155e+01,1.155000000000000000e+02,-1.255223729979769587e+01,5.775000000000005684e+00,2.590583652340439968e+00,5.250000000000000000e+00,1.307723729979770155e+01,0.000000000000000000e+00,0.000000000000000000e+00,6.000000000000000000e+00,3.041426787661141606e+00
2.000000000000000000e+00,1.155000000000000000e+02,1.832723729979770155e+01,1.201199999999999903e+02,-1.370723729979771122e+01,4.619999999999990337e+00,2.160815693770259394e+00,4.200000000000000178e+00,1.412723729979770226e+01,0.000000000000000000e+00,0.000000000000000000e+00,6.000000000000000000e+00,3.036552706270659208e+00
2.000000000000000000e+00,1.201199999999999903e+02,1.832723729979770155e+01,1.201199999999999903e+02,-1.832723729979770155e+01,0.000000000000000000e+00,0.000000000000000000e+00,0.000000000000000000e+00,1.832723729979770155e+01,0.000000000000000000e+00,0.000000000000000000e+00,6.000000000000000000e+00,3.031686435908046207e+00
2.000000000000000000e+00,1.201199999999999903e+02,1.832723729979770155e+01,1.201199999999999903e+02,-1.832723729979770155e+01,0.000000000000000000e+00,0.000000000000000000e+00,0.000000000000000000e+00,1.832723729979770155e+01,0.000000000000000000e+00,0.000000000000000000e+00,6.000000000000000000e+00,3.026827964055629039e+00
2.000000000000000000e+00,1.201199999999999903e+02,1.832723729979770155e+01,1.201199999999999903e+02,-1.832723729979770155e+01,0.000000000000000000e+00,0.000000000000000000e+00,0.000000000000000000e+00,1.832723729979770155e+01,0.000000000000000000e+00,0.000000000000000000e+00,6.000000000000000000e+00,3.021977278215796758e+00
2.000000000000000000e+00,1.201199999999999903e+02,1.832723729979770155e+01,1.201199999999999903e+02,-1.832723729979770155e+01,0.000000000000000000e+00,0.000000000000000000e+00,0.000000000000000000e+00,1.832723729979770155e+01,0.000000000000000000e+00,0.000000000000000000e+00,6.000000000000000000e+00,3.017134365910963734e+00
2.000000000000000000e+00,1.201199999999999903e+02,1.832723729979770155e+01,1.201199999999999903e+02,-1.832723729979770155e+01,0.000000000000000000e+00,0.000000000000000000e+00,0.000000000000000000e+00,1.832723729979770155e+01,0.000000000000000000e+00,0.000000000000000000e+00,6.000000000000000000e+00,3.012299214683542559e+00
2.000000000000000000e+00,1.201199999999999903e+02,1.832723729979770155e+01,1.201199999999999903e+02,-1.832723729979770155e+01,0.000000000000000000e+00,0.000000000000000000e+00,0.000000000000000000e+00,1.832723729979770155e+01,0.000000000000000000e+00,0.000000000000000000e+00,6.000000000000000000e+00,3.007471812095908525e+00
2.000000000000000000e+00,1.201199999999999903e+02,1.832723729979770155e+01,1.201199999999999903e+02,-1.832723729979770155e+01,0.000000000000000000e+00,0.000000000000000000e+00,0.000000000000000000e+00,1.832723729979770155e+01,0.000000000000000000e+00,0.000000000000000000e+00,6.000000000000000000e+00,3.002652145730370314e+00
2.000000000000000000e+00,1.201199999999999903e+02,1.832723729979770155e+01,1.247399999999999949e+02,-1.370723729979769701e+01,4.620000000000004547e+00,2.397373604576019446e+00,4.200000000000000178e+00,1.412723729979770226e+01,0.000000000000000000e+00,0.000000000000000000e+00,6.000000000000000000e+00,2.997840203189135799e+00
2.000000000000000000e+00,1.247399999999999949e+02,1.832723729979770155e+01,1.293600000000000136e+02,-1.370723729979768279e+01,4.620000000000018758e+00,1.814417012993708722e+00,4.200000000000000178e+00,1.412723729979770226e+01,0.000000000000000000e+00,0.000000000000000000e+00,5.000000000000000000e+00,2.993035972094281405e+00
2.000000000000000000e+00,1.293600000000000136e+02,1.832723729979770155e+01,1.293600000000000136e+02,-1.832723729979770155e+01,0.000000000000000000e+00,0.000000000000000000e+00,0.000000000000000000e+00,1.832723729979770155e+01,0.000000000000000000e+00,0.000000000000000000e+00,5.000000000000000000e+00,2.988239440087720133e+00
2.000000000000000000e+00,1.293600000000000136e+02,1.832723729979770155e+01,1.293600000000000136e+02,-1.832723729979770155e+01,0.000000000000000000e+00,0.000000000000000000e+00,1.050000000000000044e+00,1.727723729979770084e+01,2.994308999663242155e-02,1.050000000000000044e+00,5.000000000000000000e+00,2.983450594831169145e+00
2.000000000000000000e+00,1.293600000000000136e+02,1.832723729979770155e+01,1.293600000000000136e+02,-1.832723729979770155e+01,0.000000000000000000e+00,0.000000000000000000e+00,0.000000000000000000e+00,1.832723729979770155e+01,0.000000000000000000e+00,0.000000000000000000e+00,5.000000000000000000e+00,2.978669424006119115e+00
2.000000000000000000e+00,1.293600000000000136e+02,1.832723729979770155e+01,1.328250000000000171e+02,-1.486223729979769814e+01,3.465000000000003411e+00,1.489831326634668551e+00,3.149999999999999911e+00,1.517723729979770120e+01,0.000000000000000000e+00,0.000000000000000000e+00,5.000000000000000000e+00,2.973895915313801819e+00
2.000000000000000000e+00,1.328250000000000171e+02,1.832723729979770155e+01,1.328250000000000171e+02,-1.832723729979770155e+01,0.000000000000000000e+00,0.000000000000000000e+00,0.000000000000000000e+00,1.832723729979770155e+01,0.000000000000000000e+00,0.000000000000000000e+00,4.000000000000000000e+00,2.969130056475157708e+00
2.000000000000000000e+00,1.328250000000000171e+02,1.832723729979770155e+01,1.328250000000000171e+02,-1.832723729979770155e+01,0.000000000000000000e+00,0.000000000000000000e+00,0.000000000000000000e+00,1.832723729979770155e+01,0.000000000000000000e+00,0.000000000000000000e+00,4.000000000000000000e+00,2.964371835230806607e+00
2.000000000000000000e+00,1.328250000000000171e+02,1.832723729979770155e+01,1.328250000000000171e+02,-1.832723729979770155e+01,0.000000000000000000e+00,0.000000000000000000e+00,2.100000000000000089e+00,1.622723729979770013e+01,8.883183969583619000e-01,2.100000000000000089e+00,4.000000000000000000e+00,2.959621239341013510e+00
2.000000000000000000e+00,1.328250000000000171e+02,1.832723729979770155e+01,1.328250000000000171e+02,-1.832723729979770155e+01,0.000000000000000000e+00,0.000000000000000000e+00,0.000000000000000000e+00,1.832723729979770155e+01,0.000000000000000000e+00,0.000000000000000000e+00,4.000000000000000000e+00,2.954878256585659280e+00
2.000000000000000000e+00,1.328250000000000171e+02,1.832723729979770155e+01,1.328250000000000171e+02,-1.832723729979770155e+01,0.000000000000000000e+00,0.000000000000000000e+00,0.000000000000000000e+00,1.832723729979770155e+01,0.000000000000000000e+00,0.000000000000000000e+00,4.000000000000000000e+00,2.950142874764207779e+00
2.000000000000000000e+00,1.328250000000000171e+02,1.832723729979770155e+01,1.374450000000000216e+02,-1.370723729979769701e+01,4.620000000000004547e+00,2.075396695564455385e+00,4.200000000000000178e+00,1.412723729979770226e+01,0.000000000000000000e+00,0.000000000000000000e+00,6.000000000000000000e+00,2.945415081695675674e+00
2.000000000000000000e+00,1.374450000000000216e+02,1.832723729979770155e+01,1.374450000000000216e+02,-1.832723729979770155e+01,0.000000000000000000e+00,0.000000000000000000e+00,0.000000000000000000e+00,1.832723729979770155e+01,0.000000000000000000e+00,0.000000000000000000e+00,6.000000000000000000e+00,2.940694865218599574e+00
2.000000000000000000e+00,1.374450000000000216e+02,1.832723729979770155e+01,1.420650000000000261e+02,-1.370723729979769701e+01,4.620000000000004547e+00,2.282657280297381241e+00,4.200000000000000178e+00,1.412723729979770226e+01,0.000000000000000000e+00,0.000000000000000000e+00,6.000000000000000000e+00,2.935982213191005386e+00
2.000000000000000000e+00,1.420650000000000261e+02,1.832723729979770155e+01,1.420650000000000261e+02,-1.832723729979770155e+01,0.000000000000000000e+00,0.000000000000000000e+00,0.000000000000000000e+00,1.832723729979770155e+01,0.000000000000000000e+00,0.000000000000000000e+00,6.000000000000000000e+00,2.931277113490379005e+00
2.000000000000000000e+00,1.420650000000000261e+02,1.832723729979770155e+01,1.420650000000000261e+02,-1.832723729979770155e+01,0.000000000000000000e+00,0.000000000000000000e+00,0.000000000000000000e+00,1.832723729979770155e+01,0.000000000000000000e+00,0.000000000000000000e+00,6.000000000000000000e+00,2.926579554013631679e+00
2.000000000000000000e+00,1.420650000000000261e+02,1.832723729979770155e+01,1.455300000000000296e+02,-1.486223729979769814e+01,3.465000000000003411e+00,1.558923570731527430e+00,3.149999999999999911e+00,1.517723729979770120e+01,0.000000000000000000e+00,0.000000000000000000e+00,5.000000000000000000e+00,2.921889522677071138e+00
2.000000000000000000e+00,1.455300000000000296e+02,1.832723729979770155e+01,1.455300000000000296e+02,-1.832723729979770155e+01,0.000000000000000000e+00,0.000000000000000000e+00,0.000000000000000000e+00,1.832723729979770155e+01,0.000000000000000000e+00,0.000000000000000000e+00,5.000000000000000000e+00,2.917207007416370956e+00
2.000000000000000000e+00,1.455300000000000296e+02,1.832723729979770155e+01,1.455300000000000296e+02,-1.832723729979770155e+01,0.000000000000000000e+00,0.000000000000000000e+00,0.000000000000000000e+00,1.832723729979770155e+01,0.000000000000000000e+00,0.000000000000000000e+00,5.000000000000000000e+00,2.912531996186536798e+00
2.000000000000000000e+00,1.455300000000000296e+02,1.832723729979770155e+01,1.455300000000000296e+02,-1.832723729979770155e+01,0.000000000000000000e+00,0.000000000000000000e+00,0.000000000000000000e+00,1.832723729979770155e+01,0.000000000000000000e+00,0.000000000000000000e+00,5.000000000000000000e+00,2.907864476961878886e+00
2.000000000000000000e+00,1.455300000000000296e+02,1.832723729979770155e+01,1.455300000000000296e+02,-1.832723729979770155e+01,0.000000000000000000e+00,0.000000000000000000e+00,0.000000000000000000e+00,1.832723729979770155e+01,0.000000000000000000e+00,0.000000000000000000e+00,5.000000000000000000e+00,2.903204437735978249e+00
2.000000000000000000e+00,1.455300000000000296e+02,1.832723729979770155e+01,1.455300000000000296e+02,-1.832723729979770155e+01,0.000000000000000000e+00,0.000000000000000000e+00,0.000000000000000000e+00,1.832723729979770155e+01,0.000000000000000000e+00,0.000000000000000000e+00,5.000000000000000000e+00,2.898551866521657860e+00
2.000000000000000000e+00,1.455300000000000296e+02,1.832723729979770155e+01,1.455300000000000296e+02,-1.832723729979770155e+01,0.000000000000000000e+00,0.000000000000000000e+00,2.100000000000000089e+00,1.622723729979770013e+01,1.010848032352292813e+00,2.100000000000000089e+00,5.000000000000000000e+00,2.893906751350950213e+00
2.000000000000000000e+00,1.455300000000000296e+02,1.832723729979770155e+01,1.455300000000000296e+02,-1.832723729979770155e+01,0.000000000000000000e+00,0.000000000000000000e+00,0.000000000000000000e+00,1.832723729979770155e+01,0.000000000000000000e+00,0.000000000000000000e+00,5.000000000000000000e+00,2.889269080275067125e+00
2.000000000000000000e+00,1.455300000000000296e+02,1.832723729979770155e+01,1.455300000000000296e+02,-1.832723729979770155e+01,0.000000000000000000e+00,0.000000000000000000e+00,0.000000000000000000e+00,1.832723729979770155e+01,0.000000000000000000e+00,0.000000000000000000e+00,5.000000000000000000e+00,2.884638841364369988e+00
2.000000000000000000e+00,1.455300000000000296e+02,1.832723729979770155e+01,1.455300000000000296e+02,-1.832723729979770155e+01,0.000000000000000000e+00,0.000000000000000000e+00,0.000000000000000000e+00,1.832723729979770155e+01,0.000000000000000000e+00,0.000000000000000000e+00,5.000000000000000000e+00,2.880016022708337342e+00
2.000000000000000000e+00,1.455300000000000296e+02,1.832723729979770155e+01,1.513050000000000352e+02,-1.255223729979769587e+01,5.775000000000005684e+00,2.704103388367350647e+00,5.250000000000000000e+00,1.307723729979770155e+01,0.000000000000000000e+00,0.000000000000000000e+00,5.000000000000000000e+00,2.875400612415535573e+00
2.000000000000000000e+00,1.513050000000000352e+02,1.832723729979770155e+01,1.513050000000000352e+02,-1.832723729979770155e+01,0.000000000000000000e+00,0.000000000000000000e+00,0.000000000000000000e+00,1.832723729979770155e+01,0.000000000000000000e+00,0.000000000000000000e+00,5.000000000000000000e+00,2.870792598613587376e+00
2.000000000000000000e+00,1.513050000000000352e+02,1.832723729979770155e+01,1.513050000000000352e+02,-1.832723729979770155e+01,0.000000000000000000e+00,0.000000000000000000e+00,0.000000000000000000e+00,1.832723729979770155e+01,0.000000000000000000e+00,0.000000000000000000e+00,5.000000000000000000e+00,2.866191969449142452e+00
2.000000000000000000e+00,1.513050000000000352e+02,1.832723729979770155e+01,1.513050000000000352e+02,-1.832723729979770155e+01,0.000000000000000000e+00,0.000000000000000000e+00,0.000000000000000000e+00,1.832723729979770155e+01,0.000000000000000000e+00,0.000000000000000000e+00,5.000000000000000000e+00,2.861598713087845525e+00
2.000000000000000000e+00,1.513050000000000352e+02,1.832723729979770155e+01,1.513050000000000352e+02,-1.832723729979770155e+01,0.000000000000000000e+00,0.000000000000000000e+00,0.000000000000000000e+00,1.832723729979770155e+01,0.000000000000000000e+00,0.000000000000000000e+00,5.000000000000000000e+00,2.857012817714307484e+00
2.000000000000000000e+00,1.513050000000000352e+02,1.832723729979770155e+01,1.570800000000000125e+02,-1.255223729979772429e+01,5.774999999999977263e+00,2.506717466310645293e+00,5.250000000000000000e+00,1.307723729979770155e+01,0.000000000000000000e+00,0.000000000000000000e+00,5.000000000000000000e+00,2.852434271532072962e+00
2.000000000000000000e+00,1.570800000000000125e+02,1.832723729979770155e+01,1.582350000000000421e+02,-1.717223729979767199e+01,1.155000000000029559e+00,1.332071550164992679e-01,1.050000000000000044e+00,1.727723729979770084e+01,0.000000000000000000e+00,0.000000000000000000e+00,5.000000000000000000e+00,2.847863062763591913e+00
2.000000000000000000e+00,1.582350000000000421e+02,1.832723729979770155e+01,1.582350000000000421e+02,-1.832723729979770155e+01,0.000000000000000000e+00,0.000000000000000000e+00,0.000000000000000000e+00,1.832723729979770155e+01,0.000000000000000000e+00,0.000000000000000000e+00,5.000000000000000000e+00,2.843299179650188968e+00
2.000000000000000000e+00,1.582350000000000421e+02,1.832723729979770155e+01,1.640100000000000477e+02,-1.255223729979769587e+01,5.775000000000005684e+00,2.641363156501526088e+00,5.250000000000000000e+00,1.307723729979770155e+01,0.000000000000000000e+00,0.000000000000000000e+00,5.000000000000000000e+00,2.838742610452031911e+00
