309.8151262892089,28.355605354413562,78.27156422383862,83.67678343016105,41.95033883385322,79.11069255204768,54.95701049883726,142.03890029907586
344.5573628339737,77.49119133007845,99.17812885827686,145.7774648727021,0,110.83471140604587,140.01225041075952,0
373.59006409546686,116.72721539753506,159.74056266971866,322.1184408060528,147.69763065246406,117.28071159943424,30.72909841480341,222.46385638664452
433.883718597564,147.1908057714936,150.40034820588673,209.1576285308389,300.4926952539602,227.49653253909418,143.2380745780662,574.7290012391942
373.46298148198747,95.53737676040092,116.7998739859339,108.5633923764674,94.8297240102701,25.896483394502727,526.087421544463,1017.7695159539675
393.9038245959347,111.3603236796258,91.92615307732628,230.64873936731533,258.07621531425247,486.465857336834,909.9126588114248,729.6313806417824
322.1228383494118,160.88637446147405,214.1232424592557,138.9306003152324,129.28679616204005,282.6476792991622,450.51219374320056,885.939877727908
406.5084177475948,165.60132769747852,88.89937186160617,251.0792845054068,120.61564703288137,228.40435990730882,1073.2844514079056,1270.3103390462916
476.47587008457384,208.63767364109304,42.1213010842348,372.692056016463,100.38483343788407,394.9795227004752,713.4947143778575,1134.658530471888
464.66467094804767,212.67489117613118,106.17849390159941,296.6962162204077,286.52063144699156,602.1731787145715,910.2517516484457,2811.364690068097
520.2747342248281,251.59813497596218,76.69505012073415,276.57723546563034,316.1424848779417,465.41719781637187,518.4437018339288,1974.0968801384795
508.0386456647007,205.3878654419081,194.94770292345754,695.4814332631165,198.52656034619957,206.32365085534315,1034.452092419251,1982.393245162924
522.4490743054521,298.1328962466123,145.7781115550599,454.5019789450944,332.1145187710938,141.22723276106478,1443.5705851115326,2080.8909993166108
504.5314033264376,259.1934004399354,173.891869191428,606.6885662329146,50.430212718907555,282.42365489678156,1468.744231850379,3276.785214342241
486.6762311166962,307.77568682185876,156.7467907555439,367.49554789005884,0,883.4052638487623,731.9639745527109,2835.998395223504
535.6555251097717,242.36813197347658,187.4884971048392,377.8451617993005,614.8975218087409,914.9315821365021,609.0732701286494,1890.906050971882
514.5000593021118,351.7582926288274,185.76187562305964,444.24596078309503,443.4209458897022,811.4079888112972,1900.219560670093,3745.4796594560526
579.5476526943727,251.15652590647727,138.3360403952341,488.3100649440281,357.104078884248,571.9668394850034,702.6048240590037,4933.356762314661
529.5343362449534,298.5757254525069,130.78827092001097,452.4431339948712,291.0856154151028,367.9563525503446,1010.4584819718004,3118.087498738832
467.39731485290514,230.50379292713222,132.21632572554614,555.5969974111543,246.39027969719535,901.2031719805968,842.6681838020584,4682.903765671961
462.95248087159456,350.5159859398925,114.42266109154943,392.2574719118738,89.44432906225313,492.49845878204866,861.6436864639642,4110.920127348317
485.7672098165356,232.94140215863368,71.55130807691654,401.54391388502063,419.62547221978986,933.0501584111979,560.3235954026123,2907.195984885659
504.852341562863,387.3906710327694,152.89025125672794,748.7009865019878,370.5344110706043,1098.0014539863837,368.5152195392929,4102.129611400841
435.62303097219586,297.8718213201541,206.13125116237376,718.7763724266553,264.80837154953787,623.4874999089984,1102.9388015297206,5994.788706235483
478.0513835120146,319.52317771703747,125.14304274016456,555.5366117810592,226.5490410880278,735.0275995005246,335.2782139135913,3744.777480008341
464.8075021403465,409.2440691611094,143.99972980542805,402.4944969166092,296.9584116330101,880.5982627892728,695.113779579894,4753.184822752146
468.7880087498442,368.32257936440317,176.03540161972853,360.0561170439229,241.37397129001397,223.5665480187398,1104.6624558445292,4511.361681788169
503.80005006094694,388.656357461549,84.53092884427755,590.8733197823802,684.7498385591325,481.3453243042188,1415.1893064155004,5663.099593644542
499.87841276944835,409.49122199220045,172.35653043187818,1016.9684663079821,451.5939200736096,476.85796589790027,750.1503961403721,2996.9062470601325
486.9565161641646,388.77886162809045,155.9226113901355,707.0803362056249,464.4559395595776,419.6897757304406,1695.7748399349168,8029.782441146444
493.6731096611384,425.65201338109375,119.05936828247626,645.9458818812509,124.925732345847,1061.094076023206,829.14080666053,4028.362043148145
478.9492976920941,422.6992502049178,162.36558034358777,584.885344419012,146.89352335860448,616.9916416243965,630.7507352819968,2725.819750476042
509.88415095384073,390.23697832174173,151.8972830848175,507.6565899049653,325.8094699982808,560.21852796249,1327.1697597009975,3294.324213728987
458.72964401287726,324.25137441380645,123.85211829297975,646.878312925295,505.91796647409046,660.6890755004035,1452.825805703958,3876.919231080494
505.74609505267944,444.9151036812603,156.81378637441503,385.0000401927931,321.7991387771396,875.8042265240684,810.4994726825701,5129.200342873054
531.0615674090832,337.8113821191247,150.31028887566444,518.7576374606128,183.98830110847268,664.3655353886636,1095.5945136706464,7362.39367882589
501.2660073428237,486.41233450540744,171.57708256721207,739.3346035742632,290.1144658798492,753.2033093175125,1330.0441106764172,4029.778060916061
483.83657527303967,412.21342325269404,180.4890246317735,814.5404969005114,410.2163096843293,782.0262356180488,932.4543210958161,4862.6838934850775
502.74780381089977,422.772312956344,166.8613333895164,535.7700295451921,214.24313969145499,1882.5270897068913,741.6204866754197,5384.918503982926
466.03731525652427,463.13448526404,125.07354766723596,621.9421768377928,241.60352975718268,1399.2363024401538,1008.6818120347264,4380.705325173279
470.08373164283125,465.5078271862412,174.8892798021865,988.0576218073982,197.21766568829486,1578.7533767262644,918.4408072791833,3741.425697348858
466.9813505852195,472.6332675317805,104.52515854845798,818.5576164382995,830.2460445296504,1320.9603920046718,1298.123089566224,4389.399164916576
452.46318706484385,502.6070974179785,163.79085786559847,872.8143161018271,240.10717602439723,1319.0546519577802,1323.41568812262,3953.837249341776
488.87996197254296,553.6955559232408,145.3999950707002,608.0884079850376,173.2470706485443,1077.958721278027,965.9732831912447,4884.555714226601
517.2020215793747,436.0910265767528,106.09975298882702,747.0451010039311,183.8399316453012,1791.0805451992487,1474.7129192436253,5373.06911824524
472.80562201702014,556.5521025067947,223.75644396610087,582.02103685248,220.86450706538648,940.5329842384665,1693.54377859946,7855.605778259573
492.26451247000074,591.4059473676825,140.59873557525455,693.632101981926,495.76807319174696,1126.7739045253757,646.9993435797059,5556.309943937694
513.1662580928776,455.3354461138122,84.27380000471106,1049.3360228149493,0,569.7192303898768,787.9486255908354,4046.940899801601
502.4840587567666,620.4322926510781,121.41944393706254,1156.690067370667,294.9808226172031,1213.697721163875,701.7792784392359,3507.8740790624092
510.33149725015033,566.2810477956194,144.06621725376635,603.8956038591333,74.48846175883058,1492.2080300474786,631.1774340045104,4051.521679902838
490.83986441000746,625.807491043696,134.65781201290415,801.5538306109614,197.7378048206774,1023.4792179520268,553.1673135838554,3702.963257828462
423.066328899905,556.7137638554341,153.87408723286694,959.8472162075373,163.6503895104368,1199.6459832902494,1495.0703529517182,6422.409850008446
484.8734549970162,606.1201035678698,156.58774133267707,1100.6270143153401,499.31508613822746,2043.181837790041,1045.839552117256,6050.4180227541365
468.33107879070235,720.6577734004961,128.54105050282527,1351.4560017064343,209.32805132257909,692.5007913614098,1655.60872960313,4588.908721702184
528.9848332173541,693.1983291563524,114.95466738137897,1278.8029295765575,120.62419134843643,2288.5361901981246,1096.3841454538178,5260.6071157767565
534.2512076021695,623.3826073367272,146.60890537047982,1007.5891916173889,242.0480825884568,2302.0595246295247,685.398003945877,4497.096501751712
422.22325409225016,548.867172416954,124.08969695340976,831.0134882352888,319.327790140561,1373.0478249677037,988.0234620504033,3658.925011360532
534.2427658711028,507.86101118315577,185.37917832147534,868.1329390743157,351.46137508696523,1165.686518324266,1643.2246831335167,7558.424617665233
492.1662550309954,594.6284583790942,40.54333406001413,782.7901277411618,207.07943398890654,1610.738070047278,805.4173461726605,5667.848457072999
519.6144350448592,587.4833533311863,231.17672177843605,1225.5272427967968,26.11526184128823,261.11821513286014,969.7680701049936,2858.300105805803
548.0214210629302,698.4702373838031,38.3328170227744,1051.6508496026925,105.6726699255467,1451.461153003113,609.1215584274086,4119.92536652657
551.6694003332684,629.9405367708861,93.28652702883574,910.0013734789226,173.62464173398,2642.050365977041,1818.5648986702377,5254.957352688957
550.5682815438246,555.2353502089903,260.684599890304,933.1446545330882,152.00961300636348,1424.6804111845388,1452.8104941747758,6293.925689538076
543.5693314632474,601.4094092727573,135.9103333694744,695.6916399598545,476.43603134647697,1159.575786883976,988.9271240595712,5204.616402492659
507.8919822544089,749.5362588844926,80.60503465915328,1124.0382735137039,211.90280991968638,909.0786234147514,1386.892095999518,2795.665451462385
487.98361097842013,677.2412213321846,188.07935954719096,838.1882382954822,161.16324727580331,911.571132763677,1617.9264477072334,6058.607449382
572.4114090698356,721.3251713650948,219.13072310696748,759.2278100698709,198.61441177736336,1711.661381724916,1226.6413582494972,4521.839851492072
505.4337594648679,709.3843307343441,140.41775907276616,899.8328275994994,434.9024443745343,1877.9405969002382,858.607096500524,3292.0733650030384
509.24008810479955,676.1632836873207,332.0523047003445,667.0331543906426,598.3222216439337,1460.9288192095623,1245.4174422410808,4085.9466067824987
555.2672086565934,616.3757633558611,147.71752865593385,696.8394683610423,124.55111315992832,1174.0105004460179,526.9419949075296,4130.297757665211
556.7886377551708,801.8643503786476,191.54544411491582,1026.4076802275151,534.7099650043795,1128.608587359229,1251.704367158597,4147.758896500202
608.0499405930507,727.5478859821956,78.29119585467585,820.5026375448113,329.79355771253665,2609.1941054339563,878.9383956572611,3806.8838377063594
601.9895366156238,867.1981952608191,167.8091240963844,1139.3264826635811,152.14402328512267,1458.2700213182036,1187.811283309484,2582.0996156203655
550.0624214392916,653.091539906287,184.18308166087596,1329.24535184448,221.3791687452741,550.5957293944801,676.0451449707073,6522.312373336283
549.0632896458603,852.2219361380684,138.20704671572815,995.3109381804129,139.97886109247645,1462.8373057882538,1177.1343748406848,2793.382750081684
573.6710411371758,804.3223658328332,261.5953130537453,1270.050074757329,324.9027720778947,1144.087249003113,1069.6855488417452,4629.770149594787
582.615900468328,693.5008131538714,145.8747122714133,1411.9209832859465,366.62996859576015,1400.9344925688267,1054.4487430823829,3810.261032515201
621.8216390670835,680.4405344842121,159.05654753594695,554.3521116125752,470.5143088114991,2035.0529441143926,1707.7510222800133,6547.132396718845
582.451246077663,805.362721007473,146.287139598989,1469.0479587037494,395.8076827243126,1405.2458801746814,1044.3562589735288,2461.7196717751453
594.6957244408404,708.5441679721143,208.09138237374557,1189.2265374294122,112.63886706934971,2024.2293667022957,750.5063148316608,7053.269335681044
562.1096685151533,803.1771389566399,84.4110311741748,1209.1709840403216,374.10242111969507,1874.463023818396,657.0656244222599,4092.0743744931824
623.6836198214568,714.1038778228351,187.80092943107292,1145.0358100291207,164.9554698982584,1431.0376200082833,793.8202034550166,3394.08139418346
605.5067152420013,709.2157963760666,162.96226616387273,1380.284356132525,432.3211853721701,2398.0664492620926,591.4472103867147,3583.790123775723
621.9859098706733,657.6969333657188,191.49041152723694,1147.0818022276972,313.8103735286639,1678.4969138102117,819.6456359364884,6750.052580792926
578.8837002737152,754.1295713619916,248.384111066051,1002.0796244269258,376.55855272341967,3042.6107541408014,1919.769859629055,4128.80535717679
641.6105141126294,685.9811365887477,160.93669023847502,889.5773632277679,46.07014124590323,1598.7462309353555,458.624419783633,4675.85012233631
609.0989846418224,792.3348392520953,169.50087861602927,1052.4998397725792,286.05977303323766,2387.8552758208752,1043.0835006783007,4362.3335559215875
654.3523443296965,787.1219558548797,206.6654445142619,1019.0113771570399,196.1250145541188,1882.498676969722,1702.956203510186,5342.34469404885
667.7832930790097,746.4208371093439,196.71480532982474,1107.7783558645183,211.39892497132132,1488.2966765790964,586.9154559225533,6418.9781861833935
635.9365238365292,728.5245482304107,219.40754481196907,551.244880027382,74.10115686051984,1156.1230635794436,844.9117844091635,5255.5332787762445
695.2999132254756,699.0408860479713,107.71800004693264,1295.5872865767428,152.78761248127736,3079.9456818485905,1331.7780706956823,5885.860696420774
666.0741862930156,829.2360406918259,146.3087392089722,1272.5903930748354,107.59593198936976,823.984869349634,614.8208700876979,4278.830128008969
705.8865144808333,714.8420342872719,141.2775401126675,1030.8356063286637,89.73965860097066,1946.0522739447606,912.8922951598718,6655.812821776022
729.7694813710375,698.1144011247395,266.8261795218934,1371.3879414719895,600.4736750062506,1090.640469689479,905.2154618740874,2577.180113592091
657.0522818688593,703.7893379370888,161.21254138616095,1662.7011541972033,496.26424159814053,1329.1064867686466,710.9556455569598,5296.56825866029
680.5625494908652,774.367346977137,157.11216812231157,1245.8019450106046,238.47336857491746,2196.5112556895156,786.0412693805968,5066.379447896964
714.7393742504086,637.0894780124684,283.46143323672055,802.0694164415368,160.9136307704083,1287.663894788978,1287.0838238464842,3241.351909947484
735.1307718020554,673.660124587908,249.138410467308,1096.1678081468463,293.7421924358094,2528.8310273339184,464.822566033435,5129.907868763061
687.8424694122682,738.9135266318491,195.92358359240788,1067.367877842174,409.05579392319567,1178.613479317895,1336.5282920907694,4350.646835254786
791.9765695586336,680.8630767539084,272.0210814173035,938.0110319998554,273.8542037074538,1112.7827508618454,1027.3105366809932,3866.8243177969935
670.0317436696923,641.7168937390626,110.06774660507189,924.3533371076351,226.66783275542937,2059.025018726259,779.1406917227249,3630.0362618396316
786.5897751237344,729.373935500868,234.46798434086554,1099.1978031198908,230.79821134484905,745.155691112516,422.95759598147873,3690.2994947993348
815.7060752264454,759.5577285164123,99.31955728063784,1236.174693483693,184.48629480852992,2112.6451307018037,952.1217462432928,4992.688883979885
801.0463606461044,707.9051075021918,183.71732279120397,1221.2017419478645,92.1464880769538,762.0424099558102,1127.8995621390295,5355.60259121033
741.6220380922417,729.8140186357523,102.043236065231,995.3503536396876,120.02749442012268,1352.0242986187432,427.1602875737016,5566.155572164282
822.3280573898584,683.7676509403698,177.61106106974586,765.3828598222813,270.0838802383787,808.3582501160377,981.9663360123095,3351.693255980478
813.2204250902494,725.2431515944854,150.88485836651245,1187.8266240601424,283.93000353850096,1396.3737827533325,649.6356949260576,4517.2664108320605
789.4777510461151,771.8033350924607,174.11872544155398,998.9671436352253,235.9365931357229,2016.9043951786216,1074.280954690268,4176.237000053451
854.8631764358,570.1570385487802,125.56748358802972,1240.2942068004395,106.53417521869936,1458.990675589098,715.6368228273723,2656.7160939503983
882.5042466281943,738.3040786495861,155.12302832202383,901.6205654109046,617.8161090887999,1218.712281422912,1109.758854536032,1562.5301225083979
752.0263432472707,561.117109493149,131.89864026907006,580.4284670205365,296.2275478950355,1235.3304324434905,1874.2359814495132,3254.115687908976
763.5352488271384,664.6934134046377,144.95304897526393,997.715972042155,230.37631070742427,894.941836895214,828.8771161866985,6163.142295683345
803.5047369943827,701.6551024491424,154.85329228722642,879.9138976862121,588.2024407179189,1218.6948892246285,1516.3703352875707,4840.285143506257
872.4252976376546,638.5498448196873,269.6574525096504,794.7025908810771,178.9679569480444,2459.329344774717,854.1641090171249,3919.9456511952903
826.6840096517884,635.1440416046013,204.12704278026357,1263.4974530724655,422.05114782211075,1045.9069088502395,1299.8817542909574,4162.500745453236
789.7221624680185,598.8469360806488,138.05719509027676,807.3406346565447,195.5817030360673,1455.084872477022,1305.806106422409,3111.135284296995
865.4955978254266,674.93210813081,70.27406328118596,863.8464860624089,57.6466265324659,299.1834275494135,1272.5013182090597,4824.854409050513
838.112911026579,610.0240516361484,271.2563216103602,1011.5968614565165,479.7296843130542,966.5254910117653,486.6430456666989,3870.8991456787776
857.4626185819512,574.095793044791,182.4569826050114,1009.1195009961027,331.24600662817403,1589.7646649807436,936.860724184231,2095.6177663045546
917.8395497944142,697.3786547506597,213.79945537146034,961.7166370216387,299.74468587744275,1579.3173935447428,1390.8410005172875,1964.957184927061
931.1486919259937,489.1758319104543,195.5030707823587,1135.8309450677946,482.9653078788257,512.15447785164,635.4189295803606,7744.087978137741
859.9457277657059,579.9557078154118,137.6897400594246,981.4737519013479,298.532540606804,1067.6254337269468,1190.1694644531312,5075.1656444667215
894.3315930957983,698.0808894660009,210.85789019444982,1494.7555611703617,64.6930550147051,432.51212385381797,624.1784412649598,3506.3478720983835
848.4930760787327,483.46215992617346,144.6647104347034,1273.6413543650785,383.4979179899607,1253.3096584303398,1017.3239951404357,6010.585190939649
875.1396780090622,667.9332407902382,241.74536551728247,680.8823939061402,197.58746374724274,1724.7260299693066,803.4037830531516,4145.191755912829
833.6016855259174,520.5918069506953,81.57054466026133,789.3417555844044,151.14978037492068,1468.2100193533786,919.8922291705742,3883.6337403543826
850.4940612430394,643.7262546481916,113.82762104620035,792.7529500134673,599.3530410586618,1286.1957353179116,1344.3792384493697,4681.766207873557
925.6053904720349,547.1028832385507,101.55939344852563,1091.9936247807657,514.7820611310508,1965.4996259605225,1626.6924749040586,4711.528110036667
892.639775245767,553.0025044210938,191.66584950245635,1133.5016640157392,469.14796560417176,1504.875013139163,1474.3316296390283,5358.503804820031
881.4092948009238,644.816568326204,141.02462487357295,865.1476940285798,38.15920000010655,1045.8206417630915,738.8473236228658,3491.5213775705256
870.3532471986225,679.2767736635536,204.07914748915817,908.8310251698596,250.64080572444612,1094.3990718400948,1347.0623498851548,4777.182899107747
860.6876129359886,556.5475541784223,140.33127843128182,844.963774209375,387.6011282427348,2146.674240822231,652.0274736555804,3326.3230349623527
906.7274145259391,629.4880068235382,186.1095774719722,474.27815838709523,127.0718886964803,1219.3749743037943,747.9056522327578,4514.520236878741
893.0584208423297,546.8197504201388,180.42468398667364,659.1390768394284,419.7697829059673,333.3599842553031,1426.9824454124735,4596.562651721241
845.2034155297141,620.0474334591531,135.40513666401932,1120.1469651225864,390.94555799299627,1989.6280283916096,1430.8727542067136,4527.846510436761
925.1935813314218,609.4253970218275,191.19485576441753,742.6272741527974,452.2089353983907,1968.1865498371853,828.3066227395012,6526.8542233072385
840.4481427559292,653.1351983786059,186.58920885874204,1090.005029428718,435.23559850327075,1568.28943949465,827.4967165844095,6589.173174365628
812.6018798571465,613.8900071766717,146.12373977156696,1113.9610129130413,333.07261851668267,1561.4302227901094,1341.8509941894356,2708.5540265833183
815.7920511564224,625.720781278046,180.75641001544582,824.8327184696507,105.20951053033305,1034.7431018448171,983.5518279849607,5912.836935377107
808.6514735174928,625.7605583553669,115.75252616183786,953.2611776231394,238.6754679856182,645.8810286235905,804.5408689981011,6143.084571478012
873.6483197697783,631.6283311875759,88.85511718814735,706.2382189350827,71.37474338532078,1695.4029226625735,822.4190942067621,4161.319556859799
872.4859334475136,561.2889318787174,144.25334684808357,749.7415286020326,333.46884618784895,1350.551389232785,925.5300885572708,2635.7221877136235
789.0070573515413,529.9976493652508,173.46078767391623,997.3791627095038,403.79763767336425,1135.1255537187692,1305.7979587217662,3464.9109128229866
948.0555746041243,674.5380645804292,164.4140397872215,729.2209309002467,260.6347971425947,1052.8148793739024,1424.0687104143292,3906.497943194631
875.5117081719578,526.2585877258847,212.82709994603428,738.8536643795269,148.02962993408573,1159.5142957752944,967.7608118218866,2763.445899707144
792.0755541077884,614.6514630062908,202.83603887643983,912.6270999882927,393.0219924868145,1199.984616159996,882.031615918934,6096.6058231977195
884.1622118022619,609.045966552663,130.13273439696286,658.6790168437885,260.4854638337144,1109.5306458582936,1809.8201089201498,5269.669311203685
814.4692292535038,540.3561809455999,141.737076965764,780.191597732965,263.55097343155387,661.106663626474,1062.2598671156138,3924.12544791065
806.4052130030999,673.7558295621446,199.17279449804062,767.9180885239308,348.84271532438754,588.876031880821,902.226192460772,5561.5238096637395
805.977103477423,494.77849606000035,203.6715801088308,869.4569513903971,162.01825795491598,910.6918354171361,996.9389586499103,4118.8523676296745
854.7238489734576,703.8929900032952,207.78795881359935,787.3693338426561,307.1855666898199,1608.6258186316127,703.6194494302513,4827.283703300069
877.9430309595713,602.1672453348763,253.08023337220243,1003.1798172156754,171.02273054849294,811.5328136574301,1728.320966655431,6052.008396127764
850.6094879586972,538.694798805335,302.23864451799227,909.1665339712597,509.9891215012418,534.6044535046258,1145.4388608233658,3524.661202381104
812.0712884084729,601.5270314555523,164.58072608195664,1015.4580980631808,314.520913324317,1071.6240025337631,1111.4938131845806,2886.885178157245
902.3046465564121,652.4309577162193,200.3140172033026,965.7904673406508,513.5804332415362,802.4642213343819,519.2037548573797,7626.841565656336
850.3356613868059,704.6238545791587,167.03805472175523,853.6586085586181,84.85047131282127,1531.7598849302954,803.8838024576763,6334.592410731702
875.4503911578323,596.4873688875625,108.01338902342155,1450.050184324681,200.78247686189104,1683.8226293967161,1044.4330574701473,4782.959005084463
870.444690160306,649.7177562899548,207.19385836907952,1046.1609201567185,432.6377554174754,808.7696867016035,675.320897891165,4253.129983854082
835.3591899564886,572.6641014074354,183.0142280415297,1190.241334756125,139.3022121398937,991.2157811390312,1004.2381617722981,3820.459843378831
936.7180533875168,576.5096701968849,140.49350388112939,414.6721506537144,361.7467221650506,1309.2578503522775,1491.6979471699917,4089.6822560745336
829.7085645622649,571.1507298857903,146.93567401632185,1321.8807400979422,406.36325446127313,1337.8442742780041,1273.9653183383634,4769.871566925688
930.5720193616663,632.5661914792164,195.150061784912,909.5369266742616,209.5737549720612,1900.7464914419047,977.9222122710026,3388.5258165846026
900.7306270063774,542.1861062661692,275.35492480361154,1003.6581473697335,494.05660766288565,707.90580929691,1036.4010901043494,5453.4794114441065
875.7636837186816,561.2362042205469,174.63401911195345,840.0852421101557,0,575.1419781615822,571.1415507826513,2921.5107069780115
863.8213306286303,595.9542522163434,92.51181555971934,696.1962525880779,230.91320410346654,1387.1082501402702,1132.6797221721379,3972.37414297432
937.4459119185138,535.5886581770816,123.37534033886809,705.2047624562189,180.75502882235304,1439.536433649069,1415.0414667668201,4578.320657734541
893.5874055337301,651.7261549025577,62.10743779192097,1083.525562331869,81.18715793465942,1229.0573816677143,705.9657791546229,3361.115040280871
871.1530094781498,604.6819687941378,248.49645248175023,692.328068523707,113.65052278385986,996.47046003031,954.5024512021598,5217.211284281002
862.0189989318447,596.6182680754727,203.2186236073684,853.1438523907195,138.86719077744036,1174.3950612267479,819.9780738323087,3535.9280278058663
893.2153487111333,563.3139401235944,199.68284816157782,628.0194983393185,462.44690356657,1850.691964228232,916.9299241458075,4894.663092821739
843.9104299040685,651.9802402622984,166.8746998079135,561.0237761043759,171.75669492135756,999.4064540589447,1447.1986994112033,6344.350512870546
881.3934441616119,542.4287580211136,155.6199086026004,531.6936176629382,354.04424512071466,1834.444053280885,1129.662932759675,3810.440362710447
844.790896842582,606.1372161076016,219.3604808483654,815.2246485017184,218.1629464430087,904.2688604784679,1062.8473925079081,5104.6455888044975
808.056964469381,630.3366297844622,170.72665952646332,837.1143629771386,20.67175317867074,695.1301988834339,831.1188369772175,5453.175982553279
814.4733640727528,690.5440076576614,150.2333644689808,790.7767806157561,90.56797213741487,755.1932200158351,1595.1773316091335,3860.559416903654
877.8164885796482,625.4089156423148,238.5843929139649,972.4854370295732,435.0352712219983,816.502073103222,1214.5505685127441,2819.286186531919
840.18829976505,605.4813377871701,148.55415388297627,1500.2489637770016,144.76771043515308,898.581896181776,1269.346819588611,6597.856316236308
870.7511816489343,594.5742733867631,147.90979536163638,1026.0197170412487,16.198269586204983,2220.76243455325,1892.2413728508063,3524.9512645806167
907.2310127892491,591.2984275267589,164.22799097710424,649.0885688371609,411.631194111509,1262.3311798042146,846.5857575206924,6189.337704453718
803.2201384175844,639.57859467911,147.47898480600236,784.4653292680588,355.8374469266676,659.6232184299902,1238.7973379155267,5916.52506504306
861.5392088726461,656.7202673989939,273.227651350821,981.4776046833754,366.067337799665,1484.966583515412,746.7506319825699,4923.3138853834425
851.8129937041032,585.3389284118246,237.054702087715,914.2753531559176,121.69156794186897,1640.594765795823,1060.5870457825085,3276.1672171616506
841.574687509238,577.8604295973438,144.53860590028546,899.7837825457669,571.0525274641037,1335.0774420691228,674.4047152365725,7114.48964672915
850.246455953656,517.6011033218513,169.30641264471294,914.6289832066267,289.0458197707635,1772.279332086343,1378.4124978819736,4822.06441870325
829.6232840720855,517.9864614902397,143.48719680184269,921.9529396343814,374.0728776985981,807.1765916847967,1148.741163446877,5688.29520426267
818.6368371355411,580.2822803709686,159.16622637968794,508.51932550817264,198.83673528928844,1302.4383375192294,1168.7424510557819,2527.6586986626967
868.3148431314786,672.6471735017419,118.97673899288716,322.22144728583856,72.37663726324622,2454.0242922010107,828.3576825047761,4765.14796986802
829.1416655871162,556.7012805472655,162.04632145600254,723.9012810647707,208.05630319281892,1819.5029088966144,978.2841794685015,4862.68830886949
897.1165515964374,570.2397924327684,168.64254689136973,830.5607175431987,271.2039327457129,861.8278833538168,877.0541828244668,3263.6327095845786
821.0210932656212,646.8020460159939,232.1739946346004,811.527682086463,273.36215229327917,1345.6366861226388,1035.0120073101536,5163.377065117873
867.6782787053844,574.9996464340344,168.81181963356187,1086.523706334213,294.84754419027126,989.5612681791537,1303.931503750475,3174.1882386796447
856.0307477862549,581.0285558779487,235.57166720883188,1305.735273677438,382.56023851025054,797.0938312721556,711.8916565344929,4818.219227505488
958.8107485816456,531.0515882824157,134.863177022799,515.0009707899775,570.4572197726607,1119.2840048849846,1298.7591943616171,3526.4032989192383
803.4222197209457,658.389610124867,173.8783821489819,706.2597707531526,236.33954264568936,951.3334670890897,1117.7429924746039,2966.1810641691072
741.5799215414272,548.8841339712316,134.76466311864667,971.9033774397153,211.72062982976985,1472.3888392816064,1475.9375142460226,7256.494043073487
825.307318193257,500.4660051530642,273.20026648687207,1105.70867066179,293.2953237419978,2007.3304206529338,1611.6157306399361,5247.615158706261
812.3459153868722,610.6705643809145,122.28650105538713,821.2486713604674,153.21833161932128,1045.9939750675521,1339.4601808568814,3163.360655478449
932.264680678006,588.967136939584,187.22936252024547,937.5386211495763,305.47676565168854,673.7014951395602,1589.695657021464,4042.8308129737356
772.107670216281,633.3047427014187,222.30338205447262,852.0744237428138,370.0600544346299,1795.8282541103713,915.5711264509407,4247.516885258975
885.6891566662279,605.4158864064748,185.9708974999662,1486.279389238206,323.0584637829167,1062.0809212175604,936.0691140220007,5556.931152613564
803.2487072557817,703.5645963141061,248.44192360371892,1012.144656821558,442.54749685797873,1484.5794481437983,892.9393556289206,7368.694363461636
887.7284583385637,525.4562775969828,160.0347663894608,1144.7281860824605,79.4966533021555,545.4502712273329,1235.1188883543848,5803.470329673822
918.073785226421,600.9398122186944,125.70765906533516,829.6324035934296,97.17872867751045,1728.7292515724453,216.82238751311877,4019.4475019111505
868.5470426983877,670.5770695081235,133.97568682474747,950.4935718128221,582.989947466328,1369.3841468118253,687.1083393563758,4591.279548394912
794.0931095738417,558.0828255080285,134.27176562820398,1005.8313292979551,33.53070530742642,1625.3558491802569,1324.1908436276174,7020.848606483918
900.6356235029415,592.2447526924864,201.72010509669497,429.8712833597721,236.66352445411417,1493.43966723668,1406.5943740393343,4040.8554893647397
895.3651014105791,721.0306134017269,210.23412044160008,837.8506965998704,233.65710180528697,713.3323711306001,453.14953797922124,5026.307806852069
842.3373791518636,561.1366777801895,286.3357247021764,948.11062997367,459.2860510248134,797.5301808849039,969.1602393821566,5564.254189009136
833.9368937599279,535.2588443456892,181.70631039563233,617.9811268320095,367.53692905901164,1712.63051475691,664.9735315714133,3990.2225010771717
889.9752375436561,500.39616257421034,209.39684711032135,1383.1149650189896,714.172952877835,1605.3240520614063,1427.3413011138293,4637.920709271998
856.5408393179232,669.9519564152484,78.04359383917628,777.1811431380505,147.55274364383018,538.4720763973978,496.976101293064,5009.920885916504
881.0800473012366,643.6204313968843,249.2927033692185,963.8328931083165,126.01032263043697,1101.7780250365295,614.1546826704157,4104.218421970171
878.4471176997754,666.103151298443,87.96837524748105,833.9797670327687,434.54565691441877,1664.7190431324736,1056.0840148169762,4695.328734920273
906.7571233856767,680.8581548251144,171.0056462180449,772.9385324104181,174.97412869847034,1674.3712436484013,1236.1997632916127,3109.0634627599056
863.8554665520646,605.071975346071,297.846816811008,856.1366164406871,194.53496444505618,1198.4607678221191,993.325527301614,3211.1583192221415
894.9131636447788,628.860908567903,240.28428189885184,653.8377118300051,286.4593295276591,887.9037675583909,1944.3098277190413,2115.6052362109085
875.9767001077726,582.1254615572977,239.49669584763626,906.3796551795263,160.847834942853,1056.3812423747795,856.6922787597612,3576.925909019085
965.543708721157,592.6992950610004,95.25669512143455,886.3523590492936,254.5638819936293,2524.7552216217678,1229.0644077651648,3395.5893263230287
902.9915491827123,547.5572235857792,163.56846096288814,928.0120735867987,240.7464414135726,493.3515476821054,602.3227778153147,6903.880356764383
906.2020334183829,553.984929768337,134.8761878445697,1134.6809302511688,314.1101383165081,1313.514445935238,444.3027701661805,4845.356269829937
873.7417748352985,606.1919221895279,156.9030367089666,1162.6338673265927,520.3563758233227,1919.6415101855082,916.5943125785687,3653.179488132507
860.9482710158022,692.1832814997292,169.985789922171,1018.1147597921778,453.18625483952854,329.2986192549572,933.7382024203671,4419.137731576342
874.4950770848468,576.8330696827088,145.70196459737932,480.3204435997705,265.0443388952914,555.3186305771833,1315.8005156370677,5722.357862345325
910.2117144521889,550.3535228730166,165.20384393574253,588.8503762304949,365.5521913630214,858.1213636621045,747.4781976988822,3988.4177256740095
862.5446164052852,644.098453973228,162.8367732316255,987.1436292453739,173.991024926212,1270.2750052050724,1084.5655205451149,4992.249900834719
920.5733592536201,570.5690693658589,216.91685806047036,1147.3573351235998,127.47394820522429,1962.7895568637578,430.47792098749653,5037.409449753956
928.7442021514021,606.8474606746075,187.73237876636858,763.8638599302226,283.9434680616921,923.8146083099377,1430.342169489619,3104.811959007382
836.2597947064986,538.8976428462806,138.6194934016825,925.2381030313608,164.14658342982207,1749.51554185043,869.1164781503209,4324.766518656958
899.5602330017922,566.8740603777023,140.42375696587033,1067.618523779536,46.42110796435573,1332.831111299397,962.4412848518815,4680.552907389766
904.1987518658871,534.3357456672932,136.64894214399692,690.0117998282323,445.82176827959705,1270.8686884213348,674.5912247846385,6125.232969732184
878.2355164306939,614.1631077461141,146.03298472978025,1056.401298690502,189.2257963424122,768.2207330542161,1803.9441596597487,4311.415547617877
813.3485551244634,557.0457638200572,218.92160291836313,764.0564375697757,0,1141.788051508631,1321.3392136016216,4999.275870261481
875.4502440447935,511.5852024698714,164.7233834169078,861.9720241142261,263.0325668752573,1383.7573104980381,1156.8242294314255,3163.4813640759517
949.3759383326418,577.4489192490227,107.11321836956513,1136.607270085464,410.82015474187955,1456.5494852133897,883.6259529805563,3308.712850262449
802.4820036305105,614.9221982957839,122.0328306600702,880.9099949942528,298.56790441154203,1375.7967987032343,733.22406901922,5384.234792779966
890.108620520188,563.3779383884196,217.51836418001335,644.631398003341,227.3007802420389,876.0070530990545,497.2070934629957,5249.681755858257
851.8382851442631,540.672673169021,248.6098533631748,954.3266840798353,357.99844259021876,1224.051947888637,1714.611330738354,4942.185641221736
947.4091184972643,532.109450831804,179.7685085463697,419.91478409958177,276.93749499103023,2547.5088010859236,1201.7663601263598,4957.499318288184
845.4974241987672,630.5446985990824,204.45194852866413,893.8320898152234,249.31784715637983,622.3977010451808,1320.6143104258397,2024.114374541375
835.1235700242049,553.003709615064,204.8872078663251,848.381915440601,575.547659327552,1985.854143828664,1546.7701930946714,4084.793594998011
904.3049128757597,494.0716415483007,242.07217902589895,1013.1008785052244,65.26302216029612,861.2035198136138,553.1785006190545,5826.354885750683
882.8088611545727,618.5743650395144,143.77481774293832,649.9857931952773,200.0484813270244,994.6234535361269,772.9972439806251,4059.634486525211
874.3367181644504,538.6765041478938,229.4945966870068,1115.6999617554625,495.2980003034579,1172.8153282802796,1713.88884643523,4431.876776493011
835.6360360225968,655.3951341410976,249.8219733017767,1140.571025361943,290.3334279775065,1404.170013656796,960.0102780127265,4599.707972912178
823.7708105380066,618.953036532375,266.50403047859965,1058.5002791784336,360.93099786019275,2148.866395662485,785.5726982457973,4335.853741301118
911.5637270065769,628.6364333804763,152.86888527377837,853.8270678628635,21.228015906291613,518.4905510513363,733.6829115608082,2272.723842885216
872.0442490126371,618.7412581791222,158.82950460124758,1505.7983296859013,277.4353690459954,1105.0816188400568,1318.058347332818,3860.392058099563
919.5156792373589,633.5906918406646,163.74706862579322,751.8540846937518,263.8595210444729,1087.6186362806181,1065.9974757525038,4868.765430518207
846.6081190894669,546.1268996650638,195.72624479847497,979.9025587123296,126.33109154084127,1946.808729412594,619.2313250724826,5658.337819554838
864.0357299729116,631.9420157911203,111.06692742057035,1083.7369135766894,67.20496735655578,2782.500164011487,713.9596614671573,6113.054522252332
808.8320368649371,686.6476790345587,113.78605462845223,1220.0427397539504,353.9419516171164,1565.1878796518033,1793.8490748483505,5773.923510727032
804.2984232331308,603.1640389169612,125.16103902703824,899.5579111263676,308.4247783263986,1607.253118341281,746.0521527542099,2493.7129642453024
852.216160833955,562.2907070144602,48.0823311468768,841.7446134231582,326.14915169941406,1076.740050898025,1429.7485670866472,2416.7133421099793
998.7064508055473,689.8048670027023,187.76343182616444,936.4717619128626,63.569615254902594,2012.0434066252237,868.9697262074446,4170.38129994821
924.3299616922878,583.3320161371635,251.54730304730958,998.5212343578627,284.03874212661043,1398.7001364832945,1694.8493781913485,5072.164219730648
914.6222112341059,493.32223776818273,283.9095151272499,571.4544933916771,223.43026992381778,2039.5673686816115,1067.0947624557148,4070.6532383742788
871.8044143042994,641.2371197144807,160.6871415116804,835.8956977693064,177.82549039099285,1527.584056201779,1012.3335047515442,7428.252444179238
853.4553402316328,590.5854238317102,167.5831478542695,849.5490438714178,105.54209542957625,981.7322035969244,1546.8687056055676,2944.4934922288635
863.6217641777866,621.1128717980806,138.9083417459748,960.5847543148938,195.43611697034416,1505.7934238249477,1960.5159282096818,3980.0734512457457
914.7979039703034,605.2571700746723,198.93488933900704,1306.9605987091893,200.70480062331967,658.5304828045207,572.0842663279604,5370.283182571198
893.8444955951184,519.7869307874981,238.05009530031762,838.1916591211692,323.52111571154376,1735.6475687568143,796.2597232813046,5017.516111635014
854.802486118589,578.2017089243785,181.75475031549368,616.4933096727538,459.27297316287456,1260.8449472834993,959.3324888601584,4562.02333064979
965.461330270421,540.5617886859948,126.7394086506362,856.8709729366699,362.90745647149714,898.8514757684981,1637.7271430209253,6172.764381618617
828.6666432722702,562.500619906516,133.15300262650123,1129.6239896530876,474.68027516464326,1332.5579835996632,1016.7385680530332,5517.879549527028
