1054.805555555556,98.77777777777777,201.08333333333334,216.95833333333334,124.16666666666667,235.91666666666666,153.33333333333334,400.0
1157.1111111111122,244.09722222222214,255.76388888888889,363.93055555555554,0,300.125,382.77777777777777,0
1259.416666666667,364.6666666666667,414.5138888888889,735.6527777777778,404.0972222222222,306.8333333333333,77.77777777777779,526.6666666666666
1439.333333333336,445.81944444444457,389.81944444444446,491.8888888888889,828.4999999999999,559.1944444444443,339.99999999999994,1367.7777777777776
1264.7083333333346,294.0277777777777,299.86111111111114,257.91666666666663,240.86111111111111,76.56944444444444,1199.9999999999998,2333.3333333333335
1299.9861111111122,342.86111111111114,234.59722222222223,533.7222222222222,674.5555555555554,1236.7916666666665,2127.2222222222217,1672.2222222222224
1091.8472222222229,496.6805555555556,548.5694444444445,344.2083333333333,334.3611111111111,751.3611111111111,1070.5555555555557,2031.111111111111
1379.361111111112,512.1527777777778,229.30555555555554,580.7361111111111,335.77777777777777,606.9583333333333,2413.333333333334,2911.666666666667
1589.263888888891,637.2083333333331,109.36111111111111,868.5833333333335,263.0,1021.0,1681.111111111111,2579.4444444444443
1553.9861111111136,662.9722222222221,269.875,698.2222222222223,764.1527777777777,1499.375,2074.4444444444443,6223.888888888889
1725.0833333333371,751.7916666666666,197.55555555555554,646.8333333333335,841.7083333333334,1142.625,1229.4444444444443,4493.333333333333
1705.6805555555582,643.5416666666665,500.9444444444444,1617.4444444444446,506.79166666666663,566.75,2400.555555555555,4422.777777777778
1748.013888888892,890.3472222222218,375.70833333333337,1062.4722222222222,899.5138888888889,381.8194444444444,3269.4444444444443,4616.111111111111
1710.9722222222235,790.6249999999999,449.7916666666667,1384.4722222222222,151.06944444444446,710.0416666666665,3335.5555555555557,7190.0
1629.8333333333362,942.8055555555555,400.4027777777777,853.0277777777777,0,2179.0138888888887,1686.6666666666667,6328.88888888889
1786.8194444444475,754.5138888888888,481.54166666666663,876.5,1634.1111111111109,2295.5,1410.5555555555554,4298.333333333334
1733.9027777777821,1078.0555555555557,478.0138888888889,1007.5555555555557,1138.513888888889,2081.2083333333335,4278.888888888889,8245.555555555555
1942.0416666666717,787.3888888888889,358.0694444444444,1139.638888888889,926.5,1392.0555555555554,1657.7777777777778,10817.777777777777
1770.9444444444468,930.5138888888887,338.66666666666663,1037.3472222222222,736.8194444444443,943.0694444444445,2260.0000000000005,6873.888888888889
1573.3888888888923,723.8333333333336,338.6666666666667,1305.25,670.6111111111111,2271.4861111111113,1926.1111111111109,10243.333333333334
1553.9861111111145,1086.5555555555557,296.33333333333337,915.6805555555554,247.63888888888886,1241.3333333333335,1953.333333333333,9053.333333333334
1622.77777777778,729.3611111111111,185.20833333333334,930.8611111111112,1080.5416666666667,2251.4861111111113,1288.888888888889,6426.11111111111
1702.1527777777806,1193.4861111111109,391.58333333333337,1731.1944444444446,985.8749999999999,2708.7777777777774,862.7777777777778,9063.888888888887
1481.66666666667,927.0972222222217,530.9305555555554,1671.902777777778,718.4583333333333,1482.2222222222222,2553.3333333333326,13215.555555555558
1608.6666666666692,984.9027777777775,321.0277777777777,1257.2777777777778,603.5416666666667,1888.2083333333333,802.2222222222223,8425.000000000002
1553.986111111113,1245.180555555556,373.9444444444444,939.6527777777777,769.3055555555555,2209.277777777778,1599.4444444444446,10469.444444444445
1564.5694444444478,1134.041666666667,449.7916666666667,831.0138888888889,666.3472222222222,562.5833333333333,2532.7777777777774,9902.77777777778
1691.5694444444478,1169.4861111111113,216.95833333333334,1357.6527777777774,1742.486111111111,1289.1388888888887,3253.333333333334,12497.222222222223
1688.0416666666724,1263.1388888888896,446.2638888888888,2353.6388888888887,1178.8888888888887,1212.5694444444443,1678.888888888889,6563.888888888889
1631.5972222222251,1170.4166666666667,402.16666666666663,1635.611111111111,1221.0138888888887,1105.6944444444443,3818.3333333333326,17503.88888888889
1651.000000000003,1296.6805555555563,305.15277777777777,1508.4583333333335,314.1666666666667,2661.041666666667,1917.2222222222222,8857.222222222223
1598.0833333333374,1277.8333333333337,419.80555555555554,1350.375,402.62499999999994,1596.6944444444441,1452.2222222222222,6059.444444444444
1714.5000000000032,1194.6805555555547,395.1111111111111,1187.7222222222224,850.7499999999999,1398.2083333333333,3028.333333333333,7227.222222222222
1539.875000000003,1007.9999999999997,319.26388888888886,1491.263888888889,1377.75,1657.8194444444446,3278.333333333333,8575.555555555555
1696.8611111111156,1353.6666666666665,407.4583333333333,906.2361111111111,876.7361111111111,2200.1666666666665,1892.7777777777776,11246.666666666668
1785.0555555555597,1050.861111111111,391.58333333333326,1214.861111111111,505.62499999999994,1695.0,2460.0,16196.111111111113
1698.6250000000045,1458.6805555555557,444.5,1703.1805555555552,770.8472222222222,1875.2777777777776,3031.111111111111,8885.555555555555
1624.5416666666702,1251.7777777777778,465.66666666666663,1838.5555555555554,1070.0416666666667,1955.763888888889,2169.4444444444443,10621.666666666668
1679.2222222222258,1278.7222222222224,432.1527777777778,1230.3472222222222,622.0833333333333,4637.305555555556,1663.3333333333333,11929.444444444443
1571.6250000000034,1400.4861111111115,321.02777777777777,1463.736111111111,632.1805555555554,3496.527777777778,2277.7777777777774,9590.0
1596.3194444444496,1424.4583333333333,449.79166666666663,2266.8472222222217,516.875,3859.4861111111104,2088.8888888888887,8186.11111111111
1580.444444444448,1430.208333333333,269.875,1893.8055555555552,2228.4861111111113,3260.9861111111113,2933.8888888888887,9699.444444444445
1534.583333333337,1522.3611111111109,421.5694444444445,2025.9305555555559,679.2083333333333,3286.8749999999995,3053.3333333333335,8753.888888888889
1645.7083333333374,1679.7361111111104,373.94444444444446,1419.1388888888885,443.5972222222222,2760.3055555555557,2212.7777777777774,10657.777777777777
1756.8333333333387,1349.1944444444441,273.4027777777778,1722.5833333333333,465.63888888888886,4390.125,3303.333333333333,11776.11111111111
1591.027777777781,1685.986111111112,576.7916666666666,1343.138888888889,601.0972222222222,2362.8333333333335,3905.5555555555557,17187.77777777778
1661.5833333333362,1779.111111111112,363.3611111111111,1654.8472222222222,1278.0555555555557,2777.333333333333,1521.1111111111113,12167.222222222224
1748.013888888894,1408.2361111111118,216.95833333333337,2405.6666666666665,0,1385.236111111111,1861.1111111111113,8946.666666666668
1695.097222222227,1883.4027777777776,312.20833333333337,2736.0972222222213,779.9999999999999,3131.6388888888887,1574.4444444444443,7743.333333333335
1730.3750000000036,1718.111111111111,373.9444444444444,1410.9861111111109,221.43055555555554,3743.0833333333335,1513.888888888889,8975.0
1652.763888888893,1917.388888888889,345.72222222222223,1868.5555555555554,533.4027777777777,2584.902777777778,1249.4444444444446,8199.444444444445
1419.9305555555593,1702.7638888888896,402.16666666666674,2210.7083333333335,440.75,2915.625,3390.555555555556,14047.777777777777
1635.1250000000025,1836.1111111111113,405.6944444444444,2543.666666666667,1311.6111111111113,5060.666666666666,2358.333333333333,13342.777777777777
1580.4444444444482,2186.8333333333326,331.6111111111111,3147.027777777778,569.3194444444445,1763.4305555555552,3746.6666666666665,10062.777777777776
1788.5833333333399,2094.013888888889,298.0972222222223,2957.9999999999995,337.5972222222222,5707.541666666667,2451.666666666667,11517.77777777778
1809.7500000000057,1871.3472222222213,377.47222222222223,2392.486111111111,634.1388888888889,5734.361111111111,1588.3333333333335,9915.000000000002
1437.5694444444473,1684.2222222222222,321.02777777777777,1926.5833333333333,873.0833333333333,3476.486111111111,2259.444444444445,8095.555555555556
1802.6944444444507,1554.4027777777771,478.01388888888897,1982.3333333333335,923.5555555555555,2999.291666666666,3694.4444444444443,16527.777777777777
1673.9305555555597,1805.555555555555,105.83333333333333,1829.263888888889,553.5,3993.5833333333335,1837.2222222222222,12445.555555555555
1756.8333333333385,1781.2083333333344,599.7222222222222,2822.4722222222217,78.63888888888889,690.4861111111111,2206.666666666667,6342.777777777777
1850.31944444445,2114.2083333333335,98.77777777777777,2440.9861111111113,272.27777777777777,3629.9861111111113,1363.3333333333335,9051.666666666666
1850.31944444445,1907.2916666666674,243.41666666666669,2108.3333333333335,448.4583333333333,6438.013888888888,4080.5555555555547,11514.444444444447
1862.6666666666724,1717.3055555555568,672.0416666666665,2152.708333333333,391.72222222222223,3549.1666666666665,3311.666666666666,13762.77777777778
1827.3888888888937,1826.2222222222229,349.25,1642.4305555555554,1234.3194444444443,2959.291666666667,2271.666666666667,11527.22222222222
1719.791666666671,2256.23611111111,208.1388888888889,2627.9861111111113,529.8333333333333,2265.6944444444443,3083.888888888889,6198.333333333333
1643.9444444444475,2062.5694444444453,486.8333333333333,1944.6249999999995,411.93055555555554,2238.7083333333335,3643.8888888888887,13275.000000000002
1913.8194444444503,2160.6388888888882,564.4444444444445,1781.6527777777776,546.7777777777778,4248.902777777777,2832.7777777777774,9927.22222222222
1688.0416666666704,2146.5972222222226,359.83333333333326,2164.277777777778,1112.4583333333333,4708.763888888888,1957.7777777777774,7200.555555555555
1718.0277777777812,2058.388888888889,855.4861111111112,1565.4444444444443,1557.4583333333335,3587.3888888888887,2790.5555555555557,8985.555555555557
1880.305555555561,1881.2500000000007,379.2361111111111,1627.0694444444448,320.4861111111111,2936.1388888888887,1227.2222222222222,9132.777777777777
1876.777777777781,2421.624999999999,492.12499999999994,2420.1111111111104,1352.736111111111,2847.097222222222,2859.4444444444443,9108.888888888889
2033.763888888894,2183.916666666667,202.84722222222223,1875.5277777777778,868.1527777777778,6429.013888888888,2017.2222222222222,8386.111111111113
2032.0000000000048,2599.833333333333,428.62499999999994,2659.763888888889,423.44444444444446,3638.5416666666665,2684.4444444444443,5767.222222222223
1859.1388888888916,1978.2916666666667,476.2499999999999,3110.6388888888882,595.8749999999999,1384.1527777777778,1513.3333333333335,14211.666666666668
1843.2638888888932,2558.0972222222217,354.5416666666667,2338.5416666666665,365.2777777777777,3623.861111111111,2650.5555555555557,6200.0
1920.875000000005,2443.111111111112,675.5694444444445,2929.3472222222226,891.5833333333333,2864.902777777778,2405.0,10262.777777777777
1934.9861111111143,2099.055555555557,377.47222222222223,3257.208333333333,997.0416666666667,3483.2916666666665,2432.777777777778,8356.666666666666
2099.027777777783,2098.555555555556,410.98611111111114,1271.7222222222222,1187.375,5007.013888888889,3846.1111111111113,14360.0
1972.0277777777817,2441.86111111111,373.94444444444446,3418.0972222222217,992.3194444444443,3505.680555555556,2373.3333333333335,5599.444444444445
1989.6666666666704,2159.7777777777774,536.2222222222223,2749.152777777778,335.25,4937.569444444445,1726.111111111111,15356.666666666668
1882.0694444444484,2423.3888888888896,218.7222222222222,2827.3611111111113,963.7916666666666,4661.236111111111,1485.5555555555557,9118.333333333334
2095.500000000004,2175.416666666668,481.5416666666667,2654.4305555555557,453.2777777777777,3576.902777777778,1822.2222222222224,7531.666666666667
2047.875000000005,2156.2777777777774,423.33333333333326,3186.1527777777787,1128.736111111111,5826.583333333331,1373.888888888889,7937.7777777777765
2079.6250000000045,1989.1250000000007,497.4166666666667,2656.9166666666665,880.8194444444445,4236.319444444444,1870.0,14762.222222222219
1936.7500000000032,2315.236111111112,642.0555555555555,2340.0277777777774,1011.1666666666665,7556.138888888888,4387.222222222223,9116.111111111111
2136.069444444447,2080.8750000000014,416.2777777777777,2075.3194444444443,120.54166666666667,3994.0,1073.8888888888887,10231.666666666666
2060.2222222222267,2391.541666666666,437.4444444444444,2456.763888888889,752.4722222222222,5862.041666666666,2388.3333333333335,9620.555555555555
2203.097222222226,2364.569444444445,536.2222222222222,2363.7638888888882,579.9444444444445,4679.61111111111,3876.1111111111113,11877.777777777777
2227.7916666666697,2258.4166666666683,506.23611111111114,2548.652777777778,572.375,3685.4861111111113,1373.3333333333333,14038.333333333332
2130.777777777781,2176.0416666666674,564.4444444444445,1309.722222222222,193.5972222222222,2919.055555555555,1917.7777777777778,11493.888888888887
2337.15277777778,2124.8750000000005,278.69444444444446,3004.236111111111,415.7777777777777,7531.402777777778,3032.222222222222,12947.22222222222
2240.138888888893,2511.833333333335,373.94444444444446,2946.1805555555557,294.27777777777777,2106.6666666666665,1387.7777777777778,9489.444444444445
2360.0833333333353,2136.055555555555,363.3611111111111,2418.777777777778,252.01388888888889,4863.180555555556,2131.666666666666,14595.555555555555
2467.680555555557,2118.2222222222226,687.9166666666669,3141.8194444444443,1539.375,2683.5694444444443,2061.1111111111113,5699.444444444445
2180.1666666666706,2119.5277777777783,414.5138888888888,3823.3055555555547,1296.4027777777778,3339.902777777778,1630.0,11742.222222222223
2275.4166666666715,2336.555555555556,403.93055555555554,2900.9166666666665,642.0138888888889,5507.6527777777765,1828.3333333333333,11091.111111111111
2360.0833333333353,1934.7361111111115,735.5416666666667,1876.625,431.875,3288.9027777777783,2937.222222222222,7092.777777777778
2464.152777777783,2061.930555555557,645.5833333333333,2529.986111111111,771.9583333333333,6204.61111111111,1061.111111111111,11190.555555555555
2298.3472222222254,2244.3194444444443,504.4722222222222,2453.9861111111113,1083.6388888888887,2918.4166666666665,3012.7777777777783,9713.333333333332
2654.6527777777796,2051.194444444444,702.0277777777778,2135.027777777778,717.7777777777778,2746.875,2330.0,8574.444444444442
2233.0833333333353,1931.3472222222224,282.22222222222223,2166.7638888888882,616.9166666666666,5135.25,1822.2222222222222,8001.666666666667
2605.26388888889,2182.9583333333335,603.25,2574.4166666666665,643.6805555555555,1919.7222222222224,961.6666666666667,8079.444444444444
2718.1527777777824,2294.3055555555557,254.00000000000003,2853.7916666666665,482.6527777777777,5374.291666666667,2186.6666666666665,10987.222222222223
2665.236111111112,2145.861111111112,472.72222222222223,2793.7499999999995,241.08333333333331,1928.0694444444443,2576.111111111111,11732.77777777778
2462.3888888888887,2200.680555555555,264.5833333333333,2322.3333333333335,345.375,3351.194444444444,989.4444444444445,12087.777777777777
2723.4444444444457,2074.763888888889,458.6111111111111,1803.4305555555559,698.4305555555554,2026.625,2222.222222222222,7417.2222222222235
2709.3333333333326,2196.5416666666665,388.0555555555555,2789.194444444444,720.3749999999999,3465.6527777777774,1516.6666666666667,10057.777777777777
2628.194444444444,2300.98611111111,449.7916666666667,2299.361111111111,608.9444444444445,4991.375,2446.6666666666665,9232.77777777778
2850.4444444444475,1723.597222222223,322.79166666666663,2858.1249999999986,297.30555555555554,3640.736111111111,1600.0,5935.0
2917.4722222222244,2248.2361111111118,395.1111111111111,2058.152777777778,1567.388888888889,3025.333333333333,2534.4444444444443,3516.1111111111113
2508.25,1709.5,342.19444444444446,1363.083333333333,766.1388888888889,3027.0972222222226,4229.444444444444,7162.777777777778
2527.652777777779,2013.5972222222224,373.94444444444446,2357.3472222222226,641.25,2307.5416666666665,1837.7777777777778,13559.444444444443
2675.8194444444484,2099.8333333333326,396.875,2047.6805555555554,1523.9861111111109,2979.416666666667,3407.2222222222226,10594.444444444445
2901.5972222222235,1936.7638888888875,694.9722222222222,1836.2777777777778,500.24999999999994,6077.138888888889,1911.6666666666665,8633.888888888889
2737.5555555555593,1917.6944444444455,527.4027777777778,2943.7361111111118,1082.486111111111,2644.930555555555,2959.4444444444443,9120.555555555555
2608.791666666667,1831.3333333333348,356.30555555555554,1849.9722222222217,526.8333333333333,3661.2638888888887,2963.8888888888887,6885.0
2852.2083333333335,2058.291666666666,179.91666666666666,2035.7222222222224,153.41666666666666,734.3194444444443,2885.0,10640.555555555558
2794.0000000000036,1851.138888888889,698.5,2350.2916666666665,1223.1527777777778,2522.875,1116.111111111111,8540.0
2850.4444444444466,1721.9583333333328,470.95833333333337,2314.6250000000005,904.0,3872.652777777778,2130.5555555555557,4689.444444444445
3060.347222222224,2066.9861111111113,552.0972222222222,2228.0416666666665,797.1527777777777,3921.6944444444453,3193.888888888889,4343.333333333333
3081.51388888889,1493.4166666666672,506.23611111111103,2613.5416666666665,1226.9444444444443,1400.3750000000002,1466.6666666666667,16915.0
2859.2638888888905,1733.9583333333335,354.5416666666667,2280.2361111111113,745.7361111111111,2710.666666666667,2748.333333333333,11100.000000000002
2980.9722222222226,2118.3333333333326,539.7500000000001,3447.5416666666674,189.30555555555554,1058.5,1446.6666666666667,7684.444444444445
2816.930555555559,1471.513888888889,372.1805555555556,2931.5555555555557,1021.0555555555555,3139.2361111111104,2338.8888888888887,13229.999999999998
2885.7222222222254,2029.5138888888894,622.6527777777777,1584.0694444444446,531.7083333333333,4279.472222222223,1838.3333333333335,9155.0
2769.3055555555593,1588.0833333333337,208.13888888888889,1860.013888888889,411.2777777777777,3686.222222222222,2103.333333333333,8533.333333333332
2816.930555555557,1930.5694444444434,294.56944444444446,1857.6666666666667,1538.75,3206.3749999999995,3016.666666666667,10341.111111111111
3069.1666666666683,1644.1527777777776,261.05555555555554,2510.2499999999995,1362.8333333333333,4937.638888888889,3727.777777777778,10371.111111111111
2965.0972222222267,1670.8888888888896,492.12499999999994,2575.555555555556,1234.888888888889,3707.0694444444443,3380.0000000000005,11693.333333333334
2929.8194444444457,1951.3888888888887,365.125,1991.5694444444443,113.81944444444446,2590.0138888888887,1709.4444444444448,7741.666666666667
2868.0833333333358,2044.4583333333326,523.8749999999999,2122.7083333333335,640.6111111111111,2675.4444444444443,3040.5555555555557,10435.555555555557
2859.2638888888946,1682.5555555555563,361.5972222222223,1949.1250000000005,1016.7083333333334,5380.555555555555,1550.5555555555554,7322.222222222221
2995.0833333333335,1904.2361111111115,479.7777777777778,1076.3055555555557,370.44444444444446,2987.2083333333335,1672.7777777777778,9913.888888888887
2950.986111111111,1649.2916666666674,463.9027777777777,1560.3750000000002,1072.4027777777778,847.1388888888889,3254.9999999999995,9987.77777777778
2809.8750000000055,1890.9861111111115,347.4861111111111,2559.1944444444443,1001.5277777777777,4898.888888888889,3255.555555555555,10013.333333333332
3055.0555555555566,1827.8611111111106,493.88888888888886,1709.5416666666667,1161.763888888889,4802.888888888889,1859.4444444444446,14340.555555555557
2771.0694444444453,1964.6111111111122,479.7777777777777,2546.541666666667,1125.0972222222222,3804.0138888888887,1925.5555555555557,14382.222222222223
2702.2777777777787,1835.444444444444,377.47222222222223,2586.1805555555557,868.2777777777777,3921.111111111111,3061.1111111111113,6031.666666666667
2705.805555555557,1892.7500000000011,467.4305555555555,1897.9166666666665,290.7361111111111,2638.222222222222,2266.1111111111113,13048.333333333334
2667.0000000000023,1900.5555555555566,298.09722222222223,2204.152777777778,661.2083333333334,1577.263888888889,1859.4444444444446,13479.444444444443
2891.01388888889,1913.8472222222222,229.30555555555554,1650.0833333333333,178.02777777777777,4376.152777777777,1892.7777777777778,9153.333333333334
2901.5972222222254,1710.5972222222222,372.18055555555554,1738.3472222222222,906.2083333333333,3318.027777777778,2094.4444444444443,5888.333333333334
2619.3749999999995,1602.8333333333337,448.0277777777777,2302.347222222222,1037.6805555555554,2820.4999999999995,2968.8888888888887,7688.88888888889
3130.9027777777796,2050.416666666668,423.33333333333326,1699.6944444444446,683.6944444444443,2767.1111111111113,3234.4444444444443,8669.444444444443
2910.4166666666656,1612.8472222222224,548.5694444444445,1740.0972222222222,422.31944444444446,2918.083333333334,2193.888888888889,6051.111111111111
2628.1944444444443,1855.166666666667,520.3472222222223,2092.9999999999995,1013.6805555555555,2966.4305555555557,2047.7777777777778,13433.333333333334
2921.0000000000027,1858.4027777777778,335.13888888888886,1527.638888888889,712.7222222222223,2862.0555555555557,4063.888888888889,11643.333333333334
2705.8055555555566,1620.9861111111113,365.125,1826.9583333333335,698.9027777777777,1682.0972222222222,2412.222222222222,8600.0
2670.52777777778,2011.930555555556,511.52777777777777,1785.597222222222,920.5000000000001,1536.4999999999998,2055.5555555555557,12165.0
2663.4722222222226,1517.7638888888885,525.6388888888889,1997.7500000000005,449.37499999999994,2332.0694444444443,2268.3333333333335,9156.666666666668
2846.9166666666674,2122.791666666667,534.4583333333334,1834.5555555555557,819.7777777777777,4080.208333333333,1596.6666666666665,10655.555555555557
2928.055555555554,1827.458333333334,652.6388888888888,2285.569444444445,452.94444444444446,2011.8194444444443,3965.555555555555,13193.333333333332
2811.638888888892,1626.3611111111109,783.1666666666666,2100.916666666667,1373.1388888888887,1337.5277777777776,2571.6666666666665,7812.7777777777765
2705.8055555555547,1818.4444444444448,425.0972222222222,2339.9861111111118,814.8472222222222,2680.9305555555557,2541.6666666666665,6397.777777777777
2970.3888888888932,1944.8194444444446,513.2916666666666,2271.8333333333335,1348.5,1957.3055555555557,1162.2222222222222,16617.222222222223
2820.4583333333376,2106.0138888888905,433.91666666666674,1961.1111111111109,229.38888888888889,3720.708333333334,1841.1111111111113,13948.333333333334
2903.3611111111168,1793.3750000000007,280.4583333333333,3319.61111111111,537.7916666666666,4178.13888888889,2317.222222222222,10546.111111111111
2887.4861111111095,1957.458333333334,534.4583333333334,2406.0555555555557,1148.9027777777778,2044.8472222222222,1548.3333333333335,9319.444444444443
2760.486111111114,1705.6805555555554,469.1944444444444,2744.402777777777,402.3472222222222,2486.0555555555557,2273.333333333333,8554.444444444443
3090.333333333335,1714.9583333333333,361.59722222222223,978.3194444444445,967.3611111111111,3357.5555555555557,3355.5555555555557,8962.777777777777
2756.9583333333326,1731.9305555555559,375.70833333333326,3069.930555555556,1072.8194444444443,3308.847222222222,2871.111111111111,10462.77777777778
3104.4444444444443,1914.9583333333323,499.18055555555554,2096.5555555555557,580.3749999999999,4678.583333333334,2204.4444444444443,7427.222222222222
2993.3194444444475,1603.5694444444453,710.8472222222222,2351.3750000000005,1287.388888888889,1758.5,2342.2222222222217,11993.88888888889
2896.3055555555575,1678.472222222222,449.79166666666663,1952.6111111111113,0,1481.625,1333.888888888889,6550.555555555556
2846.9166666666674,1806.5833333333337,239.88888888888889,1617.6388888888891,604.3055555555555,3400.833333333333,2591.1111111111113,8786.11111111111
3107.972222222224,1620.2083333333328,321.02777777777777,1665.0138888888891,478.38888888888886,3535.1666666666665,3204.444444444445,10013.88888888889
2973.9166666666674,1969.8055555555559,158.75,2522.1944444444443,215.51388888888886,3041.4166666666665,1651.6666666666665,7400.555555555556
2868.0833333333344,1835.7638888888885,638.5277777777777,1580.1666666666667,293.6944444444444,2559.9999999999995,2145.5555555555557,11358.888888888887
2861.027777777782,1811.7638888888898,522.1111111111111,1975.6388888888894,365.2777777777777,2945.625,1886.6666666666667,7726.111111111111
2965.097222222224,1722.1111111111115,513.2916666666667,1459.2222222222226,1181.486111111111,4610.277777777777,2117.2222222222226,10823.888888888889
2781.6527777777783,1975.9027777777794,432.1527777777777,1302.0,462.7916666666667,2515.875,3269.4444444444443,14005.0
2924.5277777777824,1636.3333333333335,400.40277777777777,1249.513888888889,911.5277777777777,4609.472222222221,2592.777777777778,8399.444444444443
2804.583333333334,1826.625,564.4444444444446,1905.875,606.9027777777777,2319.75,2376.6666666666665,11221.111111111111
2663.472222222225,1873.2916666666667,440.9722222222222,1941.3194444444443,62.083333333333336,1750.9166666666665,1947.777777777778,11975.555555555553
2707.5694444444475,2096.680555555555,389.81944444444446,1818.333333333333,235.625,1936.0555555555554,3587.222222222222,8538.333333333334
2910.4166666666665,1878.083333333333,615.5972222222222,2232.4166666666665,1171.0277777777778,2018.2777777777778,2780.555555555556,6157.777777777777
2801.0555555555557,1817.6944444444448,384.52777777777777,3439.1111111111118,373.33333333333337,2289.944444444444,2897.777777777778,14360.555555555555
2880.430555555554,1799.0972222222226,381.00000000000006,2374.055555555555,49.666666666666664,5483.36111111111,4322.777777777777,7895.0
3023.3055555555566,1784.2638888888894,423.3333333333333,1479.6111111111115,1086.2083333333333,3175.8611111111104,1958.3333333333333,13579.444444444447
2659.944444444446,1931.583333333333,379.23611111111114,1801.4861111111113,910.8055555555555,1657.4166666666665,2830.5555555555557,12942.777777777776
2843.388888888889,1984.3472222222226,705.5555555555555,2267.4722222222226,960.6805555555555,3691.6666666666665,1706.6666666666667,10872.222222222223
2839.8611111111095,1793.8472222222238,610.3055555555555,2156.7083333333335,346.2361111111111,4069.8888888888887,2431.666666666666,7185.555555555557
2788.7083333333367,1751.2222222222229,375.7083333333333,2101.722222222222,1494.861111111111,3255.972222222222,1581.6666666666667,15696.11111111111
2801.0555555555566,1555.9861111111106,435.68055555555554,2148.083333333333,753.2222222222222,4402.583333333333,3137.7777777777774,10567.777777777777
2751.6666666666697,1578.9166666666663,368.65277777777777,2117.3333333333335,993.0694444444445,2039.736111111111,2588.333333333333,12541.666666666666
2734.0277777777783,1734.0000000000005,409.2222222222222,1201.513888888889,513.3611111111111,3239.8888888888887,2649.4444444444443,5654.444444444444
2878.6666666666697,2028.0694444444455,308.68055555555554,755.3055555555554,202.70833333333331,5995.055555555555,1926.666666666667,10418.333333333332
2769.3055555555557,1671.0277777777783,421.56944444444446,1700.5416666666667,556.7916666666666,4456.763888888889,2236.6666666666665,10786.666666666666
2972.1527777777787,1731.7916666666667,437.4444444444444,1949.0277777777776,694.0694444444443,2151.111111111111,2006.6666666666667,7138.333333333332
2728.736111111113,1981.2916666666665,596.1944444444445,1883.1805555555554,707.3194444444445,3339.6249999999995,2359.444444444444,11278.88888888889
2875.138888888891,1739.3472222222224,435.68055555555554,2552.888888888889,792.625,2543.2916666666665,2915.0,7067.222222222223
2838.0972222222254,1738.694444444445,608.5416666666665,3052.013888888889,1069.1666666666665,2043.7083333333335,1660.0,10572.777777777776
3173.2361111111118,1619.7777777777776,349.25000000000006,1222.2777777777778,1494.263888888889,2781.888888888889,2965.555555555556,7798.88888888889
2658.180555555554,1990.7361111111104,451.5555555555555,1663.6805555555557,608.9444444444443,2356.3055555555557,2563.888888888889,6525.555555555556
2469.4444444444453,1691.7916666666679,349.25,2263.638888888889,550.125,3707.6527777777774,3391.1111111111104,15886.666666666666
2739.3194444444475,1514.3472222222224,707.3194444444443,2550.361111111111,740.2361111111111,4957.569444444445,3603.8888888888887,11465.000000000002
2686.402777777778,1856.8194444444457,313.97222222222223,1938.3055555555552,429.8888888888889,2586.847222222222,3047.2222222222217,6940.555555555556
3088.5694444444475,1780.7916666666665,483.30555555555554,2158.666666666667,793.4166666666666,1627.583333333333,3677.7777777777783,8937.222222222223
2557.6388888888923,1901.0833333333335,571.5,1989.6805555555554,922.6666666666667,4387.61111111111,2089.4444444444443,9323.333333333332
2931.5833333333358,1834.8055555555563,479.7777777777778,3438.9722222222217,835.1805555555555,2671.9861111111113,2148.888888888889,12229.444444444443
2661.7083333333367,2147.736111111112,642.0555555555555,2313.7777777777774,1171.0694444444443,3683.0416666666665,2041.1111111111109,16050.555555555555
2922.763888888891,1595.569444444445,410.9861111111111,2660.2222222222226,208.20833333333334,1395.5694444444443,2801.111111111111,12740.555555555555
3044.4722222222263,1810.2638888888896,324.55555555555554,1926.375,270.27777777777777,4352.180555555556,527.2222222222222,8866.111111111111
2891.013888888891,1992.0972222222222,345.72222222222223,2209.2222222222226,1531.5,3439.8888888888887,1580.5555555555557,10141.111111111111
2645.8333333333385,1697.958333333333,343.9583333333333,2325.2777777777774,99.33333333333333,4072.2777777777774,3040.555555555555,15424.444444444443
2968.6250000000027,1798.5138888888887,516.8194444444445,997.5694444444445,624.2638888888889,3709.1250000000005,3250.5555555555557,8937.222222222223
2959.8055555555547,2182.902777777777,543.2777777777778,1937.3888888888891,596.6666666666666,1772.1527777777778,1038.3333333333333,10946.666666666664
2776.3611111111113,1687.7916666666658,739.0694444444445,2230.0277777777774,1180.5138888888891,1981.7222222222222,2186.111111111111,12247.777777777777
2758.7222222222235,1627.5833333333333,467.43055555555566,1444.7916666666665,971.1527777777778,4273.555555555556,1575.0,8883.333333333332
2966.861111111116,1510.736111111111,541.5138888888888,3185.1666666666665,1869.2777777777776,4012.0,3250.5555555555557,10130.555555555555
2834.569444444447,2032.9861111111104,199.31944444444446,1820.2500000000002,379.77777777777777,1369.638888888889,1113.3333333333333,11037.777777777777
2891.0138888888914,1938.8750000000005,640.2916666666666,2249.7916666666665,353.43055555555554,2796.75,1418.3333333333335,9120.555555555555
2917.472222222226,2027.8750000000011,225.77777777777777,1944.9444444444443,1114.388888888889,4149.125,2412.7777777777774,10283.333333333332
2991.5555555555584,2031.2083333333348,440.9722222222222,1793.486111111111,484.93055555555554,4184.902777777777,2843.8888888888887,6826.111111111111
2857.500000000003,1831.9999999999998,770.8194444444445,1994.8194444444446,549.9166666666666,2977.333333333333,2266.6666666666665,7072.777777777777
2952.750000000002,1907.1527777777785,619.125,1552.8333333333333,777.1527777777777,2189.5,4362.222222222222,4743.88888888889
2917.472222222224,1753.902777777779,619.125,2113.6666666666665,408.41666666666663,2635.5138888888887,1944.4444444444443,7867.777777777777
3213.805555555557,1809.513888888889,245.18055555555554,2082.986111111111,660.4444444444445,6185.152777777777,2817.2222222222226,7551.666666666666
2996.8472222222244,1677.7500000000011,423.3333333333333,2156.2777777777774,640.5694444444443,1299.7777777777776,1401.6666666666667,15188.888888888887
2995.0833333333335,1667.4166666666663,349.25,2623.7222222222217,832.9444444444445,3206.8749999999995,1030.0,10571.666666666666
2878.666666666668,1868.2916666666667,405.69444444444446,2726.805555555555,1409.5277777777778,4766.902777777777,2114.4444444444443,8046.1111111111095
2853.9722222222244,2107.930555555555,435.6805555555555,2365.5555555555557,1180.375,871.1805555555555,2103.888888888889,9718.333333333332
2894.5416666666697,1747.7083333333344,372.1805555555556,1093.138888888889,701.3333333333333,1385.888888888889,2998.333333333333,12551.111111111111
3012.7222222222217,1653.6250000000007,426.86111111111114,1376.0,947.1944444444443,2249.6388888888887,1677.7777777777776,8726.666666666666
2878.6666666666665,1949.4166666666677,419.80555555555554,2277.1250000000005,479.4583333333333,3179.7916666666665,2436.6666666666665,11014.444444444445
3048.000000000002,1723.0833333333335,559.1527777777778,2645.3749999999995,353.55555555555554,4866.555555555556,993.8888888888889,11102.222222222223
3067.4027777777806,1842.2916666666665,485.06944444444446,1816.25,767.1805555555555,2304.541666666667,3263.8888888888896,6948.88888888889
2755.194444444445,1651.5555555555557,358.06944444444446,2198.236111111111,428.84722222222223,4318.972222222223,2015.0,9502.22222222222
2988.0277777777796,1718.458333333334,363.3611111111111,2435.222222222222,126.13888888888889,3364.9722222222226,2190.5555555555557,10341.666666666666
2991.5555555555593,1606.472222222222,352.77777777777777,1584.6805555555557,1173.263888888889,3174.819444444445,1570.5555555555554,13530.555555555555
2898.0694444444457,1875.305555555556,379.23611111111114,2407.333333333333,544.5416666666666,1927.3888888888887,4131.11111111111,9411.111111111111
2702.277777777779,1714.7916666666672,562.6805555555555,1779.4722222222222,0,2854.4305555555557,3070.5555555555557,10941.111111111111
2903.3611111111136,1563.1666666666665,423.3333333333333,1991.9722222222222,699.7361111111111,3502.666666666667,2668.8888888888887,7030.000000000001
3118.5555555555575,1732.0138888888894,276.93055555555554,2625.0,1064.8333333333333,3603.7638888888887,2010.0,7217.222222222222
2661.708333333337,1896.9166666666663,313.9722222222222,2056.041666666667,814.875,3400.180555555555,1702.7777777777778,11846.666666666668
2956.2777777777787,1711.152777777778,564.4444444444445,1510.625,623.2361111111111,2141.208333333333,1160.0,11600.555555555557
2820.4583333333353,1639.9583333333337,643.8194444444445,2248.305555555555,946.1944444444443,3011.875,3871.6666666666665,10921.666666666668
3132.666666666666,1592.3888888888898,463.90277777777777,968.4722222222223,713.1666666666666,6271.041666666667,2672.222222222222,10886.666666666666
2815.16666666667,1903.2777777777783,525.6388888888889,2081.708333333333,639.5138888888889,1591.8472222222222,3030.0000000000005,4540.555555555555
2774.597222222221,1680.6666666666658,525.6388888888888,1967.375,1480.1805555555554,4945.027777777777,3525.0000000000005,9015.0
2989.791666666667,1520.402777777778,624.4166666666666,2336.6111111111113,177.02777777777777,2172.597222222222,1278.3333333333335,12743.333333333334
2928.055555555555,1910.4027777777783,372.1805555555555,1503.9305555555557,525.9999999999999,2448.638888888889,1779.9999999999998,8947.777777777777
2894.5416666666674,1646.1666666666663,594.4305555555555,2569.3333333333335,1318.013888888889,2936.9722222222217,3926.1111111111113,9730.0
2779.8888888888932,1986.027777777778,640.2916666666666,2637.569444444444,731.9583333333333,3460.458333333333,2198.888888888889,10235.0
2741.083333333335,1873.958333333335,682.625,2427.5,923.5972222222223,5400.222222222222,1822.7777777777778,9601.666666666666
3021.5416666666683,1918.1388888888887,393.34722222222223,1992.7500000000002,64.15277777777777,1285.9305555555557,1678.888888888889,5115.0
2894.5416666666674,1877.5138888888894,410.98611111111114,3487.402777777779,726.1805555555555,2730.9027777777774,2976.1111111111104,8569.444444444443
3048.0000000000023,1956.5138888888885,419.80555555555554,1743.6666666666665,745.6805555555554,2667.277777777778,2433.888888888889,10650.0
2806.3472222222226,1676.76388888889,506.2361111111111,2247.152777777778,344.19444444444446,4789.819444444444,1428.888888888889,12368.333333333334
2855.736111111112,1925.0138888888894,283.9861111111111,2524.4722222222213,176.55555555555554,6812.416666666668,1640.0,13307.777777777777
2672.2916666666692,2070.0416666666683,294.5694444444444,2837.7916666666665,920.5277777777777,3976.1805555555557,4019.4444444444443,12646.111111111111
2675.8194444444425,1833.1111111111113,322.79166666666663,2131.4722222222226,810.8055555555555,3907.3749999999995,1747.2222222222222,5546.111111111111
2825.7500000000036,1692.055555555556,123.47222222222223,1951.2499999999998,825.7083333333333,2676.930555555555,3267.777777777778,5377.777777777777
3289.6527777777837,2071.6111111111127,485.06944444444446,2140.2638888888887,188.31944444444443,4989.041666666666,1964.9999999999998,9179.444444444443
3076.2222222222235,1756.4722222222226,647.3472222222222,2287.2638888888887,753.9166666666666,3490.9444444444443,3832.7777777777774,11144.444444444443
3010.9583333333344,1504.3749999999998,733.7777777777776,1314.4583333333335,632.0972222222222,5073.986111111111,2437.222222222222,9016.111111111111
2896.3055555555584,1941.7500000000011,414.5138888888888,1950.4722222222224,489.06944444444446,3902.833333333333,2307.777777777778,16343.888888888887
2801.055555555559,1787.0416666666677,432.15277777777777,1970.5000000000002,288.30555555555554,2446.277777777778,3478.333333333333,6578.333333333333
2871.6111111111104,1851.3472222222238,358.06944444444446,2197.083333333333,574.4722222222222,3759.3194444444443,4472.222222222222,8799.444444444445
3033.8888888888923,1830.6111111111109,509.76388888888886,3072.069444444444,548.4861111111111,1715.2638888888887,1342.2222222222222,11748.333333333334
2956.2777777777774,1592.597222222222,612.0694444444445,1958.3611111111115,848.6666666666666,4180.472222222223,1785.5555555555554,10990.555555555557
2822.2222222222217,1749.083333333334,467.4305555555555,1446.1805555555557,1191.5833333333333,3046.458333333333,2194.4444444444443,9935.000000000002
3176.7638888888887,1656.3750000000007,324.55555555555554,1942.138888888889,932.8472222222221,2237.069444444444,3648.8888888888887,13497.777777777776
2756.9583333333335,1712.958333333333,342.1944444444444,2594.972222222222,1192.986111111111,3379.777777777778,2297.777777777778,12174.999999999998
